state,category,year,predicted_cases
0,0,2024,0.0
0,0,2025,0.0
0,0,2026,0.0
0,0,2027,0.0
0,0,2028,0.0
ANDHRA PRADESH,abetment suicide,2024,0.0
ANDHRA PRADESH,abetment suicide,2025,0.0
ANDHRA PRADESH,abetment suicide,2026,0.0
ANDHRA PRADESH,abetment suicide,2027,0.0
ANDHRA PRADESH,abetment suicide,2028,0.0
ANDHRA PRADESH,data theft,2024,0.0
ANDHRA PRADESH,data theft,2025,0.0
ANDHRA PRADESH,data theft,2026,0.0
ANDHRA PRADESH,data theft,2027,0.0
ANDHRA PRADESH,data theft,2028,0.0
ANDHRA PRADESH,emotional motive,2024,80.60964965820312
ANDHRA PRADESH,emotional motive,2025,96.85429382324219
ANDHRA PRADESH,emotional motive,2026,116.37992095947266
ANDHRA PRADESH,emotional motive,2027,126.66620635986328
ANDHRA PRADESH,emotional motive,2028,109.89473724365234
ANDHRA PRADESH,extortion,2024,150.0233154296875
ANDHRA PRADESH,extortion,2025,176.0161895751953
ANDHRA PRADESH,extortion,2026,193.32452392578125
ANDHRA PRADESH,extortion,2027,204.4073028564453
ANDHRA PRADESH,extortion,2028,206.43516540527344
ANDHRA PRADESH,fraud,2024,1324.387451171875
ANDHRA PRADESH,fraud,2025,1269.9852294921875
ANDHRA PRADESH,fraud,2026,1145.929931640625
ANDHRA PRADESH,fraud,2027,1078.4449462890625
ANDHRA PRADESH,fraud,2028,1040.7630615234375
ANDHRA PRADESH,hate crime,2024,0.32659122347831726
ANDHRA PRADESH,hate crime,2025,5.288898468017578
ANDHRA PRADESH,hate crime,2026,19.06807518005371
ANDHRA PRADESH,hate crime,2027,40.823978424072266
ANDHRA PRADESH,hate crime,2028,52.533714294433594
ANDHRA PRADESH,illegal trade,2024,5.668346881866455
ANDHRA PRADESH,illegal trade,2025,11.911272048950195
ANDHRA PRADESH,illegal trade,2026,13.056814193725586
ANDHRA PRADESH,illegal trade,2027,15.927770614624023
ANDHRA PRADESH,illegal trade,2028,16.089353561401367
ANDHRA PRADESH,personal revenge,2024,98.02584838867188
ANDHRA PRADESH,personal revenge,2025,106.72113037109375
ANDHRA PRADESH,personal revenge,2026,105.13750457763672
ANDHRA PRADESH,personal revenge,2027,98.2760009765625
ANDHRA PRADESH,personal revenge,2028,98.2760009765625
ANDHRA PRADESH,piracy,2024,2.1298389434814453
ANDHRA PRADESH,piracy,2025,0.3913721442222595
ANDHRA PRADESH,piracy,2026,0.0
ANDHRA PRADESH,piracy,2027,0.3377037048339844
ANDHRA PRADESH,piracy,2028,5.910271644592285
ANDHRA PRADESH,political motive,2024,30.16558074951172
ANDHRA PRADESH,political motive,2025,25.508455276489258
ANDHRA PRADESH,political motive,2026,20.28982925415039
ANDHRA PRADESH,political motive,2027,13.292984962463379
ANDHRA PRADESH,political motive,2028,7.526944637298584
ANDHRA PRADESH,prank,2024,0.9479637145996094
ANDHRA PRADESH,prank,2025,6.218774795532227
ANDHRA PRADESH,prank,2026,14.95817756652832
ANDHRA PRADESH,prank,2027,26.819067001342773
ANDHRA PRADESH,prank,2028,29.57360076904297
ANDHRA PRADESH,sexual exploitation,2024,290.7657470703125
ANDHRA PRADESH,sexual exploitation,2025,314.73321533203125
ANDHRA PRADESH,sexual exploitation,2026,313.3779296875
ANDHRA PRADESH,sexual exploitation,2027,369.07208251953125
ANDHRA PRADESH,sexual exploitation,2028,440.472900390625
ANDHRA PRADESH,terrorism,2024,1.120485544204712
ANDHRA PRADESH,terrorism,2025,7.158409118652344
ANDHRA PRADESH,terrorism,2026,20.301408767700195
ANDHRA PRADESH,terrorism,2027,28.993019104003906
ANDHRA PRADESH,terrorism,2028,35.587257385253906
ARUNACHAL PRADESH,abetment suicide,2024,0.0
ARUNACHAL PRADESH,abetment suicide,2025,0.0
ARUNACHAL PRADESH,abetment suicide,2026,0.0
ARUNACHAL PRADESH,abetment suicide,2027,0.0
ARUNACHAL PRADESH,abetment suicide,2028,0.0
ARUNACHAL PRADESH,data theft,2024,0.0
ARUNACHAL PRADESH,data theft,2025,0.0
ARUNACHAL PRADESH,data theft,2026,0.0
ARUNACHAL PRADESH,data theft,2027,0.0
ARUNACHAL PRADESH,data theft,2028,0.0
ARUNACHAL PRADESH,emotional motive,2024,0.0
ARUNACHAL PRADESH,emotional motive,2025,2.880145788192749
ARUNACHAL PRADESH,emotional motive,2026,9.050097465515137
ARUNACHAL PRADESH,emotional motive,2027,13.647262573242188
ARUNACHAL PRADESH,emotional motive,2028,15.289463996887207
ARUNACHAL PRADESH,extortion,2024,0.953101634979248
ARUNACHAL PRADESH,extortion,2025,6.071438789367676
ARUNACHAL PRADESH,extortion,2026,12.475747108459473
ARUNACHAL PRADESH,extortion,2027,18.258333206176758
ARUNACHAL PRADESH,extortion,2028,16.217788696289062
ARUNACHAL PRADESH,fraud,2024,30.074254989624023
ARUNACHAL PRADESH,fraud,2025,44.94268035888672
ARUNACHAL PRADESH,fraud,2026,62.65925598144531
ARUNACHAL PRADESH,fraud,2027,93.08014678955078
ARUNACHAL PRADESH,fraud,2028,108.00128173828125
ARUNACHAL PRADESH,hate crime,2024,0.0
ARUNACHAL PRADESH,hate crime,2025,0.0
ARUNACHAL PRADESH,hate crime,2026,0.0
ARUNACHAL PRADESH,hate crime,2027,0.0
ARUNACHAL PRADESH,hate crime,2028,0.0
ARUNACHAL PRADESH,illegal trade,2024,0.052382692694664
ARUNACHAL PRADESH,illegal trade,2025,3.328462839126587
ARUNACHAL PRADESH,illegal trade,2026,6.654372692108154
ARUNACHAL PRADESH,illegal trade,2027,5.892318248748779
ARUNACHAL PRADESH,illegal trade,2028,1.5748450756072998
ARUNACHAL PRADESH,personal revenge,2024,0.0
ARUNACHAL PRADESH,personal revenge,2025,0.6094673871994019
ARUNACHAL PRADESH,personal revenge,2026,4.194791793823242
ARUNACHAL PRADESH,personal revenge,2027,7.63831901550293
ARUNACHAL PRADESH,personal revenge,2028,7.4409918785095215
ARUNACHAL PRADESH,piracy,2024,0.3693695068359375
ARUNACHAL PRADESH,piracy,2025,3.807037115097046
ARUNACHAL PRADESH,piracy,2026,6.811316013336182
ARUNACHAL PRADESH,piracy,2027,6.579155921936035
ARUNACHAL PRADESH,piracy,2028,2.83298659324646
ARUNACHAL PRADESH,political motive,2024,0.3693695068359375
ARUNACHAL PRADESH,political motive,2025,3.807037115097046
ARUNACHAL PRADESH,political motive,2026,6.811316013336182
ARUNACHAL PRADESH,political motive,2027,6.579155921936035
ARUNACHAL PRADESH,political motive,2028,2.83298659324646
ARUNACHAL PRADESH,prank,2024,0.3693695068359375
ARUNACHAL PRADESH,prank,2025,3.807037115097046
ARUNACHAL PRADESH,prank,2026,6.811316013336182
ARUNACHAL PRADESH,prank,2027,6.579155921936035
ARUNACHAL PRADESH,prank,2028,2.83298659324646
ARUNACHAL PRADESH,sexual exploitation,2024,0.0
ARUNACHAL PRADESH,sexual exploitation,2025,0.54189133644104
ARUNACHAL PRADESH,sexual exploitation,2026,4.288061141967773
ARUNACHAL PRADESH,sexual exploitation,2027,7.896457195281982
ARUNACHAL PRADESH,sexual exploitation,2028,7.904111385345459
ARUNACHAL PRADESH,terrorism,2024,0.54189133644104
ARUNACHAL PRADESH,terrorism,2025,4.288061141967773
ARUNACHAL PRADESH,terrorism,2026,7.896457195281982
ARUNACHAL PRADESH,terrorism,2027,7.904111385345459
ARUNACHAL PRADESH,terrorism,2028,3.9777462482452393
ASSAM,abetment suicide,2024,0.0
ASSAM,abetment suicide,2025,0.0
ASSAM,abetment suicide,2026,0.0
ASSAM,abetment suicide,2027,0.0
ASSAM,abetment suicide,2028,0.0
ASSAM,data theft,2024,0.0
ASSAM,data theft,2025,0.0
ASSAM,data theft,2026,0.0
ASSAM,data theft,2027,0.0
ASSAM,data theft,2028,0.0
ASSAM,emotional motive,2024,94.84493255615234
ASSAM,emotional motive,2025,88.9088363647461
ASSAM,emotional motive,2026,79.60769653320312
ASSAM,emotional motive,2027,75.84818267822266
ASSAM,emotional motive,2028,65.58427429199219
ASSAM,extortion,2024,53.22236633300781
ASSAM,extortion,2025,37.85633850097656
ASSAM,extortion,2026,31.245080947875977
ASSAM,extortion,2027,27.776241302490234
ASSAM,extortion,2028,25.74330711364746
ASSAM,fraud,2024,84.94328308105469
ASSAM,fraud,2025,90.6262435913086
ASSAM,fraud,2026,99.71244812011719
ASSAM,fraud,2027,114.84452819824219
ASSAM,fraud,2028,124.41378021240234
ASSAM,hate crime,2024,0.0
ASSAM,hate crime,2025,1.09600830078125
ASSAM,hate crime,2026,6.894671440124512
ASSAM,hate crime,2027,13.076329231262207
ASSAM,hate crime,2028,19.072843551635742
ASSAM,illegal trade,2024,0.0
ASSAM,illegal trade,2025,1.4003942012786865
ASSAM,illegal trade,2026,7.251404762268066
ASSAM,illegal trade,2027,18.824308395385742
ASSAM,illegal trade,2028,27.094926834106445
ASSAM,personal revenge,2024,122.92874908447266
ASSAM,personal revenge,2025,105.42051696777344
ASSAM,personal revenge,2026,104.40364074707031
ASSAM,personal revenge,2027,98.66157531738281
ASSAM,personal revenge,2028,98.9613037109375
ASSAM,piracy,2024,7.579237937927246
ASSAM,piracy,2025,13.925313949584961
ASSAM,piracy,2026,20.73689842224121
ASSAM,piracy,2027,20.959339141845703
ASSAM,piracy,2028,12.533541679382324
ASSAM,political motive,2024,2.4510858058929443
ASSAM,political motive,2025,2.035813331604004
ASSAM,political motive,2026,2.035813331604004
ASSAM,political motive,2027,2.035813331604004
ASSAM,political motive,2028,2.035813331604004
ASSAM,prank,2024,2.7312307357788086
ASSAM,prank,2025,0.7885876893997192
ASSAM,prank,2026,0.3739575445652008
ASSAM,prank,2027,1.4172624349594116
ASSAM,prank,2028,7.414371490478516
ASSAM,sexual exploitation,2024,57.35868453979492
ASSAM,sexual exploitation,2025,50.021728515625
ASSAM,sexual exploitation,2026,48.270233154296875
ASSAM,sexual exploitation,2027,45.216773986816406
ASSAM,sexual exploitation,2028,40.272315979003906
ASSAM,terrorism,2024,0.4531606435775757
ASSAM,terrorism,2025,7.5118303298950195
ASSAM,terrorism,2026,34.69990158081055
ASSAM,terrorism,2027,138.52297973632812
ASSAM,terrorism,2028,365.69305419921875
BIHAR,abetment suicide,2024,0.0
BIHAR,abetment suicide,2025,0.0
BIHAR,abetment suicide,2026,0.0
BIHAR,abetment suicide,2027,0.0
BIHAR,abetment suicide,2028,0.0
BIHAR,data theft,2024,27.927146911621094
BIHAR,data theft,2025,29.86857795715332
BIHAR,data theft,2026,33.35911560058594
BIHAR,data theft,2027,33.92009353637695
BIHAR,data theft,2028,33.93063735961914
BIHAR,emotional motive,2024,479.6954650878906
BIHAR,emotional motive,2025,627.4119873046875
BIHAR,emotional motive,2026,712.693359375
BIHAR,emotional motive,2027,930.0867919921875
BIHAR,emotional motive,2028,1080.4647216796875
BIHAR,extortion,2024,194.9943389892578
BIHAR,extortion,2025,218.00413513183594
BIHAR,extortion,2026,205.81739807128906
BIHAR,extortion,2027,170.98484802246094
BIHAR,extortion,2028,154.6607666015625
BIHAR,fraud,2024,3408.120361328125
BIHAR,fraud,2025,2328.603271484375
BIHAR,fraud,2026,2772.870849609375
BIHAR,fraud,2027,3400.168701171875
BIHAR,fraud,2028,3579.7958984375
BIHAR,hate crime,2024,0.883054256439209
BIHAR,hate crime,2025,6.50498104095459
BIHAR,hate crime,2026,13.894439697265625
BIHAR,hate crime,2027,19.072843551635742
BIHAR,hate crime,2028,17.034656524658203
BIHAR,illegal trade,2024,1.1874399185180664
BIHAR,illegal trade,2025,6.963388442993164
BIHAR,illegal trade,2026,12.920431137084961
BIHAR,illegal trade,2027,19.554601669311523
BIHAR,illegal trade,2028,18.269468307495117
BIHAR,personal revenge,2024,475.8699951171875
BIHAR,personal revenge,2025,617.009033203125
BIHAR,personal revenge,2026,718.0807495117188
BIHAR,personal revenge,2027,756.9754638671875
BIHAR,personal revenge,2028,660.1616821289062
BIHAR,piracy,2024,12.826220512390137
BIHAR,piracy,2025,17.71947479248047
BIHAR,piracy,2026,18.647796630859375
BIHAR,piracy,2027,18.572832107543945
BIHAR,piracy,2028,11.497111320495605
BIHAR,political motive,2024,1.5044269561767578
BIHAR,political motive,2025,7.150815010070801
BIHAR,political motive,2026,19.306520462036133
BIHAR,political motive,2027,27.577138900756836
BIHAR,political motive,2028,34.68560791015625
BIHAR,prank,2024,9.502372741699219
BIHAR,prank,2025,2.9474692344665527
BIHAR,prank,2026,0.3226447105407715
BIHAR,prank,2027,0.06768464297056198
BIHAR,prank,2028,1.2043081521987915
BIHAR,sexual exploitation,2024,92.92626190185547
BIHAR,sexual exploitation,2025,84.1412353515625
BIHAR,sexual exploitation,2026,84.1412353515625
BIHAR,sexual exploitation,2027,80.328857421875
BIHAR,sexual exploitation,2028,76.55213928222656
BIHAR,terrorism,2024,1.6769487857818604
BIHAR,terrorism,2025,7.323336601257324
BIHAR,terrorism,2026,14.0978364944458
BIHAR,terrorism,2027,21.346097946166992
BIHAR,terrorism,2028,26.562339782714844
CHANDIGARH,abetment suicide,2024,0.0
CHANDIGARH,abetment suicide,2025,0.0
CHANDIGARH,abetment suicide,2026,0.0
CHANDIGARH,abetment suicide,2027,0.0
CHANDIGARH,abetment suicide,2028,0.0
CHANDIGARH,data theft,2024,0.0
CHANDIGARH,data theft,2025,0.0
CHANDIGARH,data theft,2026,0.0
CHANDIGARH,data theft,2027,0.0
CHANDIGARH,data theft,2028,0.0
CHANDIGARH,emotional motive,2024,2.842289686203003
CHANDIGARH,emotional motive,2025,9.602095603942871
CHANDIGARH,emotional motive,2026,14.199260711669922
CHANDIGARH,emotional motive,2027,15.841463088989258
CHANDIGARH,emotional motive,2028,16.157751083374023
CHANDIGARH,extortion,2024,6.9775390625
CHANDIGARH,extortion,2025,8.851057052612305
CHANDIGARH,extortion,2026,8.11865234375
CHANDIGARH,extortion,2027,4.863346576690674
CHANDIGARH,extortion,2028,2.1910269260406494
CHANDIGARH,fraud,2024,16.350055694580078
CHANDIGARH,fraud,2025,50.683963775634766
CHANDIGARH,fraud,2026,105.2810287475586
CHANDIGARH,fraud,2027,170.140869140625
CHANDIGARH,fraud,2028,258.5176696777344
CHANDIGARH,hate crime,2024,0.0
CHANDIGARH,hate crime,2025,0.0
CHANDIGARH,hate crime,2026,0.0
CHANDIGARH,hate crime,2027,0.0
CHANDIGARH,hate crime,2028,0.0
CHANDIGARH,illegal trade,2024,0.0
CHANDIGARH,illegal trade,2025,0.0
CHANDIGARH,illegal trade,2026,0.0
CHANDIGARH,illegal trade,2027,0.0
CHANDIGARH,illegal trade,2028,0.0
CHANDIGARH,personal revenge,2024,4.8707427978515625
CHANDIGARH,personal revenge,2025,6.210266590118408
CHANDIGARH,personal revenge,2026,7.016499996185303
CHANDIGARH,personal revenge,2027,8.011373519897461
CHANDIGARH,personal revenge,2028,8.671021461486816
CHANDIGARH,piracy,2024,0.21955826878547668
CHANDIGARH,piracy,2025,4.247079849243164
CHANDIGARH,piracy,2026,8.542659759521484
CHANDIGARH,piracy,2027,8.564146995544434
CHANDIGARH,piracy,2028,4.090970993041992
CHANDIGARH,political motive,2024,0.21955826878547668
CHANDIGARH,political motive,2025,4.247079849243164
CHANDIGARH,political motive,2026,8.542659759521484
CHANDIGARH,political motive,2027,8.564146995544434
CHANDIGARH,political motive,2028,4.090970993041992
CHANDIGARH,prank,2024,0.21955826878547668
CHANDIGARH,prank,2025,4.247079849243164
CHANDIGARH,prank,2026,8.542659759521484
CHANDIGARH,prank,2027,8.834376335144043
CHANDIGARH,prank,2028,8.796746253967285
CHANDIGARH,sexual exploitation,2024,9.202373504638672
CHANDIGARH,sexual exploitation,2025,9.198346138000488
CHANDIGARH,sexual exploitation,2026,4.492569446563721
CHANDIGARH,sexual exploitation,2027,0.6790727972984314
CHANDIGARH,sexual exploitation,2028,0.0
CHANDIGARH,terrorism,2024,0.3920801877975464
CHANDIGARH,terrorism,2025,4.728104114532471
CHANDIGARH,terrorism,2026,11.480844497680664
CHANDIGARH,terrorism,2027,19.664804458618164
CHANDIGARH,terrorism,2028,19.699066162109375
CHHATTISGARH,abetment suicide,2024,0.0
CHHATTISGARH,abetment suicide,2025,0.0
CHHATTISGARH,abetment suicide,2026,0.0
CHHATTISGARH,abetment suicide,2027,0.0
CHHATTISGARH,abetment suicide,2028,0.0
CHHATTISGARH,data theft,2024,0.0
CHHATTISGARH,data theft,2025,0.0
CHHATTISGARH,data theft,2026,0.0
CHHATTISGARH,data theft,2027,0.0
CHHATTISGARH,data theft,2028,0.0
CHHATTISGARH,emotional motive,2024,2.842289686203003
CHHATTISGARH,emotional motive,2025,6.778352737426758
CHHATTISGARH,emotional motive,2026,8.851057052612305
CHHATTISGARH,emotional motive,2027,8.11865234375
CHHATTISGARH,emotional motive,2028,4.863346576690674
CHHATTISGARH,extortion,2024,5.611861228942871
CHHATTISGARH,extortion,2025,8.558646202087402
CHHATTISGARH,extortion,2026,8.469837188720703
CHHATTISGARH,extortion,2027,5.3223347663879395
CHHATTISGARH,extortion,2028,3.1118807792663574
CHHATTISGARH,fraud,2024,51.89712142944336
CHHATTISGARH,fraud,2025,70.35342407226562
CHHATTISGARH,fraud,2026,86.18653869628906
CHHATTISGARH,fraud,2027,99.75980377197266
CHHATTISGARH,fraud,2028,109.4826889038086
CHHATTISGARH,hate crime,2024,0.0
CHHATTISGARH,hate crime,2025,0.0
CHHATTISGARH,hate crime,2026,0.0
CHHATTISGARH,hate crime,2027,0.0
CHHATTISGARH,hate crime,2028,0.0
CHHATTISGARH,illegal trade,2024,0.0
CHHATTISGARH,illegal trade,2025,0.0
CHHATTISGARH,illegal trade,2026,0.0
CHHATTISGARH,illegal trade,2027,0.0
CHHATTISGARH,illegal trade,2028,0.0
CHHATTISGARH,personal revenge,2024,0.0
CHHATTISGARH,personal revenge,2025,0.0
CHHATTISGARH,personal revenge,2026,0.4596562385559082
CHHATTISGARH,personal revenge,2027,4.795680046081543
CHHATTISGARH,personal revenge,2028,11.222708702087402
CHHATTISGARH,piracy,2024,0.21955826878547668
CHHATTISGARH,piracy,2025,4.247079849243164
CHHATTISGARH,piracy,2026,8.542659759521484
CHHATTISGARH,piracy,2027,8.564146995544434
CHHATTISGARH,piracy,2028,4.090970993041992
CHHATTISGARH,political motive,2024,6.295880317687988
CHHATTISGARH,political motive,2025,7.454755783081055
CHHATTISGARH,political motive,2026,8.14112663269043
CHHATTISGARH,political motive,2027,8.796746253967285
CHHATTISGARH,political motive,2028,8.796746253967285
CHHATTISGARH,prank,2024,5.337823867797852
CHHATTISGARH,prank,2025,6.883451461791992
CHHATTISGARH,prank,2026,7.146252632141113
CHHATTISGARH,prank,2027,8.137099266052246
CHHATTISGARH,prank,2028,8.800773620605469
CHHATTISGARH,sexual exploitation,2024,156.79306030273438
CHHATTISGARH,sexual exploitation,2025,182.97793579101562
CHHATTISGARH,sexual exploitation,2026,189.46786499023438
CHHATTISGARH,sexual exploitation,2027,200.67547607421875
CHHATTISGARH,sexual exploitation,2028,206.04098510742188
CHHATTISGARH,terrorism,2024,0.3920801877975464
CHHATTISGARH,terrorism,2025,4.728104114532471
CHHATTISGARH,terrorism,2026,11.480844497680664
CHHATTISGARH,terrorism,2027,19.664804458618164
CHHATTISGARH,terrorism,2028,19.699066162109375
DADRA AND NAGAR HAVELI,abetment suicide,2024,0.0
DADRA AND NAGAR HAVELI,abetment suicide,2025,0.0
DADRA AND NAGAR HAVELI,abetment suicide,2026,0.0
DADRA AND NAGAR HAVELI,abetment suicide,2027,0.0
DADRA AND NAGAR HAVELI,abetment suicide,2028,0.0
DADRA AND NAGAR HAVELI,data theft,2024,0.0
DADRA AND NAGAR HAVELI,data theft,2025,0.0
DADRA AND NAGAR HAVELI,data theft,2026,0.0
DADRA AND NAGAR HAVELI,data theft,2027,0.0
DADRA AND NAGAR HAVELI,data theft,2028,0.0
DADRA AND NAGAR HAVELI,emotional motive,2024,2.842289686203003
DADRA AND NAGAR HAVELI,emotional motive,2025,9.602095603942871
DADRA AND NAGAR HAVELI,emotional motive,2026,14.199260711669922
DADRA AND NAGAR HAVELI,emotional motive,2027,15.841463088989258
DADRA AND NAGAR HAVELI,emotional motive,2028,16.157751083374023
DADRA AND NAGAR HAVELI,extortion,2024,2.842289686203003
DADRA AND NAGAR HAVELI,extortion,2025,9.602095603942871
DADRA AND NAGAR HAVELI,extortion,2026,14.199260711669922
DADRA AND NAGAR HAVELI,extortion,2027,15.841463088989258
DADRA AND NAGAR HAVELI,extortion,2028,16.157751083374023
DADRA AND NAGAR HAVELI,fraud,2024,10.068955421447754
DADRA AND NAGAR HAVELI,fraud,2025,64.42488098144531
DADRA AND NAGAR HAVELI,fraud,2026,248.1631622314453
DADRA AND NAGAR HAVELI,fraud,2027,611.3364868164062
DADRA AND NAGAR HAVELI,fraud,2028,794.608642578125
DADRA AND NAGAR HAVELI,hate crime,2024,0.0
DADRA AND NAGAR HAVELI,hate crime,2025,0.0
DADRA AND NAGAR HAVELI,hate crime,2026,0.0
DADRA AND NAGAR HAVELI,hate crime,2027,0.0
DADRA AND NAGAR HAVELI,hate crime,2028,0.0
DADRA AND NAGAR HAVELI,illegal trade,2024,0.0
DADRA AND NAGAR HAVELI,illegal trade,2025,0.0
DADRA AND NAGAR HAVELI,illegal trade,2026,0.0
DADRA AND NAGAR HAVELI,illegal trade,2027,0.0
DADRA AND NAGAR HAVELI,illegal trade,2028,0.0
DADRA AND NAGAR HAVELI,personal revenge,2024,0.4596562385559082
DADRA AND NAGAR HAVELI,personal revenge,2025,4.795680046081543
DADRA AND NAGAR HAVELI,personal revenge,2026,11.222708702087402
DADRA AND NAGAR HAVELI,personal revenge,2027,18.538692474365234
DADRA AND NAGAR HAVELI,personal revenge,2028,18.098129272460938
DADRA AND NAGAR HAVELI,piracy,2024,0.21955826878547668
DADRA AND NAGAR HAVELI,piracy,2025,4.247079849243164
DADRA AND NAGAR HAVELI,piracy,2026,8.542659759521484
DADRA AND NAGAR HAVELI,piracy,2027,8.564146995544434
DADRA AND NAGAR HAVELI,piracy,2028,4.090970993041992
DADRA AND NAGAR HAVELI,political motive,2024,0.21955826878547668
DADRA AND NAGAR HAVELI,political motive,2025,4.247079849243164
DADRA AND NAGAR HAVELI,political motive,2026,8.542659759521484
DADRA AND NAGAR HAVELI,political motive,2027,8.564146995544434
DADRA AND NAGAR HAVELI,political motive,2028,4.090970993041992
DADRA AND NAGAR HAVELI,prank,2024,0.21955826878547668
DADRA AND NAGAR HAVELI,prank,2025,4.247079849243164
DADRA AND NAGAR HAVELI,prank,2026,8.542659759521484
DADRA AND NAGAR HAVELI,prank,2027,8.834376335144043
DADRA AND NAGAR HAVELI,prank,2028,8.796746253967285
DADRA AND NAGAR HAVELI,sexual exploitation,2024,6.585883140563965
DADRA AND NAGAR HAVELI,sexual exploitation,2025,7.318774223327637
DADRA AND NAGAR HAVELI,sexual exploitation,2026,8.309621810913086
DADRA AND NAGAR HAVELI,sexual exploitation,2027,8.973295211791992
DADRA AND NAGAR HAVELI,sexual exploitation,2028,8.969267845153809
DADRA AND NAGAR HAVELI,terrorism,2024,0.3920801877975464
DADRA AND NAGAR HAVELI,terrorism,2025,4.728104114532471
DADRA AND NAGAR HAVELI,terrorism,2026,11.480844497680664
DADRA AND NAGAR HAVELI,terrorism,2027,19.664804458618164
DADRA AND NAGAR HAVELI,terrorism,2028,19.699066162109375
DAMAN AND DIU,abetment suicide,2024,0.0
DAMAN AND DIU,abetment suicide,2025,0.0
DAMAN AND DIU,abetment suicide,2026,0.0
DAMAN AND DIU,abetment suicide,2027,0.0
DAMAN AND DIU,abetment suicide,2028,0.0
DAMAN AND DIU,data theft,2024,0.0
DAMAN AND DIU,data theft,2025,0.0
DAMAN AND DIU,data theft,2026,0.0
DAMAN AND DIU,data theft,2027,0.0
DAMAN AND DIU,data theft,2028,0.0
DAMAN AND DIU,emotional motive,2024,2.842289686203003
DAMAN AND DIU,emotional motive,2025,9.602095603942871
DAMAN AND DIU,emotional motive,2026,14.199260711669922
DAMAN AND DIU,emotional motive,2027,15.841463088989258
DAMAN AND DIU,emotional motive,2028,16.157751083374023
DAMAN AND DIU,extortion,2024,5.257759094238281
DAMAN AND DIU,extortion,2025,12.447077751159668
DAMAN AND DIU,extortion,2026,25.29840087890625
DAMAN AND DIU,extortion,2027,29.435869216918945
DAMAN AND DIU,extortion,2028,33.884159088134766
DAMAN AND DIU,fraud,2024,37.059913635253906
DAMAN AND DIU,fraud,2025,53.068050384521484
DAMAN AND DIU,fraud,2026,74.44161987304688
DAMAN AND DIU,fraud,2027,89.55242919921875
DAMAN AND DIU,fraud,2028,98.82513427734375
DAMAN AND DIU,hate crime,2024,0.0
DAMAN AND DIU,hate crime,2025,0.0
DAMAN AND DIU,hate crime,2026,0.0
DAMAN AND DIU,hate crime,2027,0.0
DAMAN AND DIU,hate crime,2028,0.0
DAMAN AND DIU,illegal trade,2024,0.0
DAMAN AND DIU,illegal trade,2025,0.0
DAMAN AND DIU,illegal trade,2026,0.0
DAMAN AND DIU,illegal trade,2027,0.0
DAMAN AND DIU,illegal trade,2028,0.0
DAMAN AND DIU,personal revenge,2024,4.562240123748779
DAMAN AND DIU,personal revenge,2025,6.159664630889893
DAMAN AND DIU,personal revenge,2026,7.016499996185303
DAMAN AND DIU,personal revenge,2027,8.011373519897461
DAMAN AND DIU,personal revenge,2028,8.671021461486816
DAMAN AND DIU,piracy,2024,4.322142601013184
DAMAN AND DIU,piracy,2025,6.245278358459473
DAMAN AND DIU,piracy,2026,7.146252632141113
DAMAN AND DIU,piracy,2027,8.14112663269043
DAMAN AND DIU,piracy,2028,8.800773620605469
DAMAN AND DIU,political motive,2024,4.322142601013184
DAMAN AND DIU,political motive,2025,6.245278358459473
DAMAN AND DIU,political motive,2026,7.146252632141113
DAMAN AND DIU,political motive,2027,8.14112663269043
DAMAN AND DIU,political motive,2028,8.800773620605469
DAMAN AND DIU,prank,2024,0.21955826878547668
DAMAN AND DIU,prank,2025,4.247079849243164
DAMAN AND DIU,prank,2026,8.542659759521484
DAMAN AND DIU,prank,2027,8.834376335144043
DAMAN AND DIU,prank,2028,8.796746253967285
DAMAN AND DIU,sexual exploitation,2024,9.0087890625
DAMAN AND DIU,sexual exploitation,2025,4.492569446563721
DAMAN AND DIU,sexual exploitation,2026,0.6790727972984314
DAMAN AND DIU,sexual exploitation,2027,0.0
DAMAN AND DIU,sexual exploitation,2028,0.0
DAMAN AND DIU,terrorism,2024,0.3920801877975464
DAMAN AND DIU,terrorism,2025,4.728104114532471
DAMAN AND DIU,terrorism,2026,11.480844497680664
DAMAN AND DIU,terrorism,2027,19.664804458618164
DAMAN AND DIU,terrorism,2028,19.699066162109375
DELHI,abetment suicide,2024,0.0
DELHI,abetment suicide,2025,0.0
DELHI,abetment suicide,2026,0.0
DELHI,abetment suicide,2027,0.0
DELHI,abetment suicide,2028,0.0
DELHI,data theft,2024,0.0
DELHI,data theft,2025,0.0
DELHI,data theft,2026,0.0
DELHI,data theft,2027,0.0
DELHI,data theft,2028,0.0
DELHI,emotional motive,2024,2.529120445251465
DELHI,emotional motive,2025,5.412674903869629
DELHI,emotional motive,2026,8.851057052612305
DELHI,emotional motive,2027,9.22348690032959
DELHI,emotional motive,2028,8.438920021057129
DELHI,extortion,2024,9.18300724029541
DELHI,extortion,2025,5.992335796356201
DELHI,extortion,2026,3.372725009918213
DELHI,extortion,2027,1.694562554359436
DELHI,extortion,2028,1.3404608964920044
DELHI,fraud,2024,151.95343017578125
DELHI,fraud,2025,224.2091064453125
DELHI,fraud,2026,454.6829833984375
DELHI,fraud,2027,645.5403442382812
DELHI,fraud,2028,823.0990600585938
DELHI,hate crime,2024,0.0
DELHI,hate crime,2025,0.0
DELHI,hate crime,2026,0.0
DELHI,hate crime,2027,0.0
DELHI,hate crime,2028,0.0
DELHI,illegal trade,2024,0.0
DELHI,illegal trade,2025,0.0
DELHI,illegal trade,2026,0.0
DELHI,illegal trade,2027,0.0
DELHI,illegal trade,2028,0.0
DELHI,personal revenge,2024,8.16893482208252
DELHI,personal revenge,2025,8.666994094848633
DELHI,personal revenge,2026,8.666994094848633
DELHI,personal revenge,2027,3.9612183570861816
DELHI,personal revenge,2028,0.0808074101805687
DELHI,piracy,2024,0.0
DELHI,piracy,2025,0.0
DELHI,piracy,2026,0.21955826878547668
DELHI,piracy,2027,4.247079849243164
DELHI,piracy,2028,8.542659759521484
DELHI,political motive,2024,4.322142601013184
DELHI,political motive,2025,6.245278358459473
DELHI,political motive,2026,7.146252632141113
DELHI,political motive,2027,8.14112663269043
DELHI,political motive,2028,8.800773620605469
DELHI,prank,2024,12.818485260009766
DELHI,prank,2025,15.42324161529541
DELHI,prank,2026,15.580801010131836
DELHI,prank,2027,10.557717323303223
DELHI,prank,2028,4.282547950744629
DELHI,sexual exploitation,2024,32.8016357421875
DELHI,sexual exploitation,2025,28.609649658203125
DELHI,sexual exploitation,2026,25.485265731811523
DELHI,sexual exploitation,2027,20.266639709472656
DELHI,sexual exploitation,2028,12.995408058166504
DELHI,terrorism,2024,0.3920801877975464
DELHI,terrorism,2025,4.728104114532471
DELHI,terrorism,2026,11.480844497680664
DELHI,terrorism,2027,19.664804458618164
DELHI,terrorism,2028,19.699066162109375
GOA,abetment suicide,2024,0.0
GOA,abetment suicide,2025,0.0
GOA,abetment suicide,2026,0.0
GOA,abetment suicide,2027,0.0
GOA,abetment suicide,2028,0.0
GOA,data theft,2024,0.0
GOA,data theft,2025,0.0
GOA,data theft,2026,0.0
GOA,data theft,2027,0.0
GOA,data theft,2028,0.0
GOA,emotional motive,2024,2.9972054958343506
GOA,emotional motive,2025,5.412674903869629
GOA,emotional motive,2026,8.558646202087402
GOA,emotional motive,2027,8.469837188720703
GOA,emotional motive,2028,5.3223347663879395
GOA,extortion,2024,5.412674903869629
GOA,extortion,2025,9.025338172912598
GOA,extortion,2026,9.243071556091309
GOA,extortion,2027,8.438920021057129
GOA,extortion,2028,5.3223347663879395
GOA,fraud,2024,81.64215850830078
GOA,fraud,2025,90.55728149414062
GOA,fraud,2026,91.08026885986328
GOA,fraud,2027,85.29936981201172
GOA,fraud,2028,85.29936981201172
GOA,hate crime,2024,0.0
GOA,hate crime,2025,0.0
GOA,hate crime,2026,0.0
GOA,hate crime,2027,0.0
GOA,hate crime,2028,0.0
GOA,illegal trade,2024,0.0
GOA,illegal trade,2025,0.0
GOA,illegal trade,2026,0.0
GOA,illegal trade,2027,0.0
GOA,illegal trade,2028,0.0
GOA,personal revenge,2024,4.8707427978515625
GOA,personal revenge,2025,6.210266590118408
GOA,personal revenge,2026,7.016499996185303
GOA,personal revenge,2027,8.011373519897461
GOA,personal revenge,2028,8.671021461486816
GOA,piracy,2024,0.21955826878547668
GOA,piracy,2025,4.247079849243164
GOA,piracy,2026,8.542659759521484
GOA,piracy,2027,8.564146995544434
GOA,piracy,2028,4.090970993041992
GOA,political motive,2024,0.0
GOA,political motive,2025,0.21955826878547668
GOA,political motive,2026,4.247079849243164
GOA,political motive,2027,8.542659759521484
GOA,political motive,2028,8.564146995544434
GOA,prank,2024,0.21955826878547668
GOA,prank,2025,4.247079849243164
GOA,prank,2026,8.542659759521484
GOA,prank,2027,8.834376335144043
GOA,prank,2028,8.796746253967285
GOA,sexual exploitation,2024,12.763822555541992
GOA,sexual exploitation,2025,15.59576416015625
GOA,sexual exploitation,2026,15.753323554992676
GOA,sexual exploitation,2027,10.730239868164062
GOA,sexual exploitation,2028,4.455069541931152
GOA,terrorism,2024,0.3920801877975464
GOA,terrorism,2025,4.728104114532471
GOA,terrorism,2026,11.480844497680664
GOA,terrorism,2027,19.664804458618164
GOA,terrorism,2028,19.699066162109375
GUJARAT,abetment suicide,2024,0.0
GUJARAT,abetment suicide,2025,0.0
GUJARAT,abetment suicide,2026,0.0
GUJARAT,abetment suicide,2027,0.0
GUJARAT,abetment suicide,2028,0.0
GUJARAT,data theft,2024,0.0
GUJARAT,data theft,2025,0.0
GUJARAT,data theft,2026,0.0
GUJARAT,data theft,2027,0.0
GUJARAT,data theft,2028,0.0
GUJARAT,emotional motive,2024,5.031546592712402
GUJARAT,emotional motive,2025,3.8212168216705322
GUJARAT,emotional motive,2026,3.5016863346099854
GUJARAT,emotional motive,2027,3.969771385192871
GUJARAT,emotional motive,2028,6.385242462158203
GUJARAT,extortion,2024,298.0867614746094
GUJARAT,extortion,2025,456.20245361328125
GUJARAT,extortion,2026,621.97705078125
GUJARAT,extortion,2027,821.4189453125
GUJARAT,extortion,2028,1002.982177734375
GUJARAT,fraud,2024,1195.0089111328125
GUJARAT,fraud,2025,1168.4993896484375
GUJARAT,fraud,2026,1168.4993896484375
GUJARAT,fraud,2027,1168.4993896484375
GUJARAT,fraud,2028,1168.4993896484375
GUJARAT,hate crime,2024,0.0
GUJARAT,hate crime,2025,0.0
GUJARAT,hate crime,2026,0.0
GUJARAT,hate crime,2027,0.0
GUJARAT,hate crime,2028,0.0
GUJARAT,illegal trade,2024,0.0
GUJARAT,illegal trade,2025,0.0
GUJARAT,illegal trade,2026,0.0
GUJARAT,illegal trade,2027,0.0
GUJARAT,illegal trade,2028,0.0
GUJARAT,personal revenge,2024,0.0
GUJARAT,personal revenge,2025,0.0
GUJARAT,personal revenge,2026,0.18911725282669067
GUJARAT,personal revenge,2027,4.216639518737793
GUJARAT,personal revenge,2028,8.186507225036621
GUJARAT,piracy,2024,0.0
GUJARAT,piracy,2025,0.0
GUJARAT,piracy,2026,0.0
GUJARAT,piracy,2027,0.0
GUJARAT,piracy,2028,0.0
GUJARAT,political motive,2024,0.0
GUJARAT,political motive,2025,0.0
GUJARAT,political motive,2026,0.0
GUJARAT,political motive,2027,0.0
GUJARAT,political motive,2028,0.0
GUJARAT,prank,2024,1.976771354675293
GUJARAT,prank,2025,0.0
GUJARAT,prank,2026,0.0
GUJARAT,prank,2027,0.0
GUJARAT,prank,2028,0.0
GUJARAT,sexual exploitation,2024,89.0010986328125
GUJARAT,sexual exploitation,2025,90.19488525390625
GUJARAT,sexual exploitation,2026,81.20056915283203
GUJARAT,sexual exploitation,2027,77.38819122314453
GUJARAT,sexual exploitation,2028,73.97505950927734
GUJARAT,terrorism,2024,4.68044900894165
GUJARAT,terrorism,2025,6.197864055633545
GUJARAT,terrorism,2026,7.04823637008667
GUJARAT,terrorism,2027,8.043110847473145
GUJARAT,terrorism,2028,8.702756881713867
HARYANA,abetment suicide,2024,0.0
HARYANA,abetment suicide,2025,0.0
HARYANA,abetment suicide,2026,0.0
HARYANA,abetment suicide,2027,0.0
HARYANA,abetment suicide,2028,0.0
HARYANA,data theft,2024,0.0
HARYANA,data theft,2025,0.0
HARYANA,data theft,2026,0.0
HARYANA,data theft,2027,0.0
HARYANA,data theft,2028,0.0
HARYANA,emotional motive,2024,42.16006851196289
HARYANA,emotional motive,2025,46.530067443847656
HARYANA,emotional motive,2026,55.66178894042969
HARYANA,emotional motive,2027,60.55226135253906
HARYANA,emotional motive,2028,67.57728576660156
HARYANA,extortion,2024,36.527740478515625
HARYANA,extortion,2025,30.379501342773438
HARYANA,extortion,2026,27.163755416870117
HARYANA,extortion,2027,26.964462280273438
HARYANA,extortion,2028,23.55632972717285
HARYANA,fraud,2024,459.87091064453125
HARYANA,fraud,2025,630.4140014648438
HARYANA,fraud,2026,827.0245971679688
HARYANA,fraud,2027,1007.9047241210938
HARYANA,fraud,2028,1101.4632568359375
HARYANA,hate crime,2024,0.0
HARYANA,hate crime,2025,0.0
HARYANA,hate crime,2026,0.0
HARYANA,hate crime,2027,0.0
HARYANA,hate crime,2028,0.0
HARYANA,illegal trade,2024,0.0
HARYANA,illegal trade,2025,0.0
HARYANA,illegal trade,2026,0.0
HARYANA,illegal trade,2027,0.0
HARYANA,illegal trade,2028,0.0
HARYANA,personal revenge,2024,23.123361587524414
HARYANA,personal revenge,2025,26.116716384887695
HARYANA,personal revenge,2026,26.120742797851562
HARYANA,personal revenge,2027,19.446928024291992
HARYANA,personal revenge,2028,9.496865272521973
HARYANA,piracy,2024,0.0
HARYANA,piracy,2025,0.0
HARYANA,piracy,2026,0.0
HARYANA,piracy,2027,0.0
HARYANA,piracy,2028,0.0
HARYANA,political motive,2024,0.0
HARYANA,political motive,2025,0.0
HARYANA,political motive,2026,0.0
HARYANA,political motive,2027,0.0
HARYANA,political motive,2028,0.0
HARYANA,prank,2024,5.067286014556885
HARYANA,prank,2025,6.612913608551025
HARYANA,prank,2026,6.8757147789001465
HARYANA,prank,2027,6.714128017425537
HARYANA,prank,2028,2.848193883895874
HARYANA,sexual exploitation,2024,107.64615631103516
HARYANA,sexual exploitation,2025,98.24826049804688
HARYANA,sexual exploitation,2026,96.29167175292969
HARYANA,sexual exploitation,2027,97.93070983886719
HARYANA,sexual exploitation,2028,97.93070983886719
HARYANA,terrorism,2024,0.12154129147529602
HARYANA,terrorism,2025,3.991504430770874
HARYANA,terrorism,2026,7.486584186553955
HARYANA,terrorism,2027,8.509174346923828
HARYANA,terrorism,2028,8.702756881713867
HIMACHAL PRADESH,abetment suicide,2024,0.0
HIMACHAL PRADESH,abetment suicide,2025,0.0
HIMACHAL PRADESH,abetment suicide,2026,0.0
HIMACHAL PRADESH,abetment suicide,2027,0.0
HIMACHAL PRADESH,abetment suicide,2028,0.0
HIMACHAL PRADESH,data theft,2024,0.0
HIMACHAL PRADESH,data theft,2025,0.0
HIMACHAL PRADESH,data theft,2026,0.0
HIMACHAL PRADESH,data theft,2027,0.0
HIMACHAL PRADESH,data theft,2028,0.0
HIMACHAL PRADESH,emotional motive,2024,6.385242462158203
HIMACHAL PRADESH,emotional motive,2025,9.62443733215332
HIMACHAL PRADESH,emotional motive,2026,9.523645401000977
HIMACHAL PRADESH,emotional motive,2027,7.345959186553955
HIMACHAL PRADESH,emotional motive,2028,5.076071262359619
HIMACHAL PRADESH,extortion,2024,2.5319864749908447
HIMACHAL PRADESH,extortion,2025,3.770585775375366
HIMACHAL PRADESH,extortion,2026,6.68876838684082
HIMACHAL PRADESH,extortion,2027,9.332026481628418
HIMACHAL PRADESH,extortion,2028,8.911617279052734
HIMACHAL PRADESH,fraud,2024,113.12339782714844
HIMACHAL PRADESH,fraud,2025,154.96697998046875
HIMACHAL PRADESH,fraud,2026,231.92245483398438
HIMACHAL PRADESH,fraud,2027,458.3006896972656
HIMACHAL PRADESH,fraud,2028,638.469970703125
HIMACHAL PRADESH,hate crime,2024,0.0
HIMACHAL PRADESH,hate crime,2025,0.0
HIMACHAL PRADESH,hate crime,2026,0.0
HIMACHAL PRADESH,hate crime,2027,0.0
HIMACHAL PRADESH,hate crime,2028,0.0
HIMACHAL PRADESH,illegal trade,2024,0.0
HIMACHAL PRADESH,illegal trade,2025,0.0
HIMACHAL PRADESH,illegal trade,2026,0.0
HIMACHAL PRADESH,illegal trade,2027,0.0
HIMACHAL PRADESH,illegal trade,2028,0.0
HIMACHAL PRADESH,personal revenge,2024,8.003009796142578
HIMACHAL PRADESH,personal revenge,2025,3.6906793117523193
HIMACHAL PRADESH,personal revenge,2026,0.0
HIMACHAL PRADESH,personal revenge,2027,0.0
HIMACHAL PRADESH,personal revenge,2028,0.18911725282669067
HIMACHAL PRADESH,piracy,2024,0.0
HIMACHAL PRADESH,piracy,2025,0.0
HIMACHAL PRADESH,piracy,2026,0.0
HIMACHAL PRADESH,piracy,2027,0.0
HIMACHAL PRADESH,piracy,2028,0.0
HIMACHAL PRADESH,political motive,2024,0.0
HIMACHAL PRADESH,political motive,2025,0.0
HIMACHAL PRADESH,political motive,2026,0.0
HIMACHAL PRADESH,political motive,2027,0.0
HIMACHAL PRADESH,political motive,2028,0.0
HIMACHAL PRADESH,prank,2024,0.0
HIMACHAL PRADESH,prank,2025,0.0
HIMACHAL PRADESH,prank,2026,0.0
HIMACHAL PRADESH,prank,2027,0.0
HIMACHAL PRADESH,prank,2028,0.0
HIMACHAL PRADESH,sexual exploitation,2024,15.321196556091309
HIMACHAL PRADESH,sexual exploitation,2025,15.482784271240234
HIMACHAL PRADESH,sexual exploitation,2026,10.459700584411621
HIMACHAL PRADESH,sexual exploitation,2027,4.184530735015869
HIMACHAL PRADESH,sexual exploitation,2028,0.0
HIMACHAL PRADESH,terrorism,2024,0.0
HIMACHAL PRADESH,terrorism,2025,0.12154129147529602
HIMACHAL PRADESH,terrorism,2026,3.991504430770874
HIMACHAL PRADESH,terrorism,2027,7.486584186553955
HIMACHAL PRADESH,terrorism,2028,8.509174346923828
JAMMU AND KASHMIR,abetment suicide,2024,0.0
JAMMU AND KASHMIR,abetment suicide,2025,0.0
JAMMU AND KASHMIR,abetment suicide,2026,0.0
JAMMU AND KASHMIR,abetment suicide,2027,0.0
JAMMU AND KASHMIR,abetment suicide,2028,0.0
JAMMU AND KASHMIR,data theft,2024,0.0
JAMMU AND KASHMIR,data theft,2025,0.0
JAMMU AND KASHMIR,data theft,2026,0.0
JAMMU AND KASHMIR,data theft,2027,0.0
JAMMU AND KASHMIR,data theft,2028,0.0
JAMMU AND KASHMIR,emotional motive,2024,6.798084259033203
JAMMU AND KASHMIR,emotional motive,2025,10.117136001586914
JAMMU AND KASHMIR,emotional motive,2026,10.590352058410645
JAMMU AND KASHMIR,emotional motive,2027,11.50966739654541
JAMMU AND KASHMIR,emotional motive,2028,13.370377540588379
JAMMU AND KASHMIR,extortion,2024,8.5087308883667
JAMMU AND KASHMIR,extortion,2025,6.765717029571533
JAMMU AND KASHMIR,extortion,2026,5.11580753326416
JAMMU AND KASHMIR,extortion,2027,4.854963302612305
JAMMU AND KASHMIR,extortion,2028,4.466238498687744
JAMMU AND KASHMIR,fraud,2024,122.35755920410156
JAMMU AND KASHMIR,fraud,2025,115.21986389160156
JAMMU AND KASHMIR,fraud,2026,111.13070678710938
JAMMU AND KASHMIR,fraud,2027,108.78398132324219
JAMMU AND KASHMIR,fraud,2028,108.97743225097656
JAMMU AND KASHMIR,hate crime,2024,0.0
JAMMU AND KASHMIR,hate crime,2025,0.0
JAMMU AND KASHMIR,hate crime,2026,0.0
JAMMU AND KASHMIR,hate crime,2027,0.0
JAMMU AND KASHMIR,hate crime,2028,0.0
JAMMU AND KASHMIR,illegal trade,2024,0.0
JAMMU AND KASHMIR,illegal trade,2025,0.0
JAMMU AND KASHMIR,illegal trade,2026,0.0
JAMMU AND KASHMIR,illegal trade,2027,0.0
JAMMU AND KASHMIR,illegal trade,2028,0.0
JAMMU AND KASHMIR,personal revenge,2024,0.0
JAMMU AND KASHMIR,personal revenge,2025,0.0
JAMMU AND KASHMIR,personal revenge,2026,0.18911725282669067
JAMMU AND KASHMIR,personal revenge,2027,4.216639518737793
JAMMU AND KASHMIR,personal revenge,2028,8.186507225036621
JAMMU AND KASHMIR,piracy,2024,4.758784770965576
JAMMU AND KASHMIR,piracy,2025,6.0253424644470215
JAMMU AND KASHMIR,piracy,2026,6.8757147789001465
JAMMU AND KASHMIR,piracy,2027,6.718155384063721
JAMMU AND KASHMIR,piracy,2028,2.848193883895874
JAMMU AND KASHMIR,political motive,2024,0.0
JAMMU AND KASHMIR,political motive,2025,0.0
JAMMU AND KASHMIR,political motive,2026,0.0
JAMMU AND KASHMIR,political motive,2027,0.0
JAMMU AND KASHMIR,political motive,2028,0.0
JAMMU AND KASHMIR,prank,2024,0.02408226765692234
JAMMU AND KASHMIR,prank,2025,0.0
JAMMU AND KASHMIR,prank,2026,0.0
JAMMU AND KASHMIR,prank,2027,0.0
JAMMU AND KASHMIR,prank,2028,0.0
JAMMU AND KASHMIR,sexual exploitation,2024,56.54664993286133
JAMMU AND KASHMIR,sexual exploitation,2025,62.13719177246094
JAMMU AND KASHMIR,sexual exploitation,2026,68.0608901977539
JAMMU AND KASHMIR,sexual exploitation,2027,70.92749786376953
JAMMU AND KASHMIR,sexual exploitation,2028,70.50444793701172
JAMMU AND KASHMIR,terrorism,2024,0.0
JAMMU AND KASHMIR,terrorism,2025,0.0
JAMMU AND KASHMIR,terrorism,2026,0.12154129147529602
JAMMU AND KASHMIR,terrorism,2027,3.991504430770874
JAMMU AND KASHMIR,terrorism,2028,7.486584186553955
JHARKHAND,abetment suicide,2024,3.0084445476531982
JHARKHAND,abetment suicide,2025,7.0077409744262695
JHARKHAND,abetment suicide,2026,9.871979713439941
JHARKHAND,abetment suicide,2027,8.01669979095459
JHARKHAND,abetment suicide,2028,4.336615562438965
JHARKHAND,data theft,2024,3.0084445476531982
JHARKHAND,data theft,2025,7.0077409744262695
JHARKHAND,data theft,2026,9.871979713439941
JHARKHAND,data theft,2027,8.01669979095459
JHARKHAND,data theft,2028,4.336615562438965
JHARKHAND,emotional motive,2024,7.625277042388916
JHARKHAND,emotional motive,2025,43.18880844116211
JHARKHAND,emotional motive,2026,179.65139770507812
JHARKHAND,emotional motive,2027,452.7919616699219
JHARKHAND,emotional motive,2028,647.7809448242188
JHARKHAND,extortion,2024,12.739689826965332
JHARKHAND,extortion,2025,14.852478981018066
JHARKHAND,extortion,2026,19.419654846191406
JHARKHAND,extortion,2027,20.619211196899414
JHARKHAND,extortion,2028,22.017074584960938
JHARKHAND,fraud,2024,1196.850830078125
JHARKHAND,fraud,2025,1211.2164306640625
JHARKHAND,fraud,2026,1169.5374755859375
JHARKHAND,fraud,2027,1082.803955078125
JHARKHAND,fraud,2028,1045.48193359375
JHARKHAND,hate crime,2024,2.5928525924682617
JHARKHAND,hate crime,2025,6.482200622558594
JHARKHAND,hate crime,2026,7.899427890777588
JHARKHAND,hate crime,2027,9.419113159179688
JHARKHAND,hate crime,2028,10.098343849182129
JHARKHAND,illegal trade,2024,2.897237777709961
JHARKHAND,illegal trade,2025,6.9068756103515625
JHARKHAND,illegal trade,2026,9.501486778259277
JHARKHAND,illegal trade,2027,11.02464771270752
JHARKHAND,illegal trade,2028,13.962477684020996
JHARKHAND,personal revenge,2024,0.0
JHARKHAND,personal revenge,2025,3.454322338104248
JHARKHAND,personal revenge,2026,7.762293815612793
JHARKHAND,personal revenge,2027,11.34371280670166
JHARKHAND,personal revenge,2028,14.985628128051758
JHARKHAND,piracy,2024,2.7809505462646484
JHARKHAND,piracy,2025,6.998894691467285
JHARKHAND,piracy,2026,8.839764595031738
JHARKHAND,piracy,2027,11.50669002532959
JHARKHAND,piracy,2028,14.621667861938477
JHARKHAND,political motive,2024,2.7809505462646484
JHARKHAND,political motive,2025,6.998894691467285
JHARKHAND,political motive,2026,8.839764595031738
JHARKHAND,political motive,2027,11.50669002532959
JHARKHAND,political motive,2028,14.831158638000488
JHARKHAND,prank,2024,2.7809505462646484
JHARKHAND,prank,2025,6.998894691467285
JHARKHAND,prank,2026,8.839764595031738
JHARKHAND,prank,2027,11.50669002532959
JHARKHAND,prank,2028,14.831158638000488
JHARKHAND,sexual exploitation,2024,11.734742164611816
JHARKHAND,sexual exploitation,2025,7.490599155426025
JHARKHAND,sexual exploitation,2026,4.637566089630127
JHARKHAND,sexual exploitation,2027,3.4555282592773438
JHARKHAND,sexual exploitation,2028,3.805147647857666
JHARKHAND,terrorism,2024,2.95347261428833
JHARKHAND,terrorism,2025,7.171416282653809
JHARKHAND,terrorism,2026,11.621622085571289
JHARKHAND,terrorism,2027,15.312183380126953
JHARKHAND,terrorism,2028,18.301687240600586
KARNATAKA,abetment suicide,2024,10.603161811828613
KARNATAKA,abetment suicide,2025,64.90155792236328
KARNATAKA,abetment suicide,2026,245.4484405517578
KARNATAKA,abetment suicide,2027,613.952880859375
KARNATAKA,abetment suicide,2028,802.6668701171875
KARNATAKA,data theft,2024,10.603161811828613
KARNATAKA,data theft,2025,42.07048416137695
KARNATAKA,data theft,2026,159.9788055419922
KARNATAKA,data theft,2027,446.5184631347656
KARNATAKA,data theft,2028,654.945068359375
KARNATAKA,emotional motive,2024,171.24087524414062
KARNATAKA,emotional motive,2025,290.25164794921875
KARNATAKA,emotional motive,2026,470.0506591796875
KARNATAKA,emotional motive,2027,624.1045532226562
KARNATAKA,emotional motive,2028,719.3751831054688
KARNATAKA,extortion,2024,615.4547119140625
KARNATAKA,extortion,2025,825.7313842773438
KARNATAKA,extortion,2026,1035.3248291015625
KARNATAKA,extortion,2027,1290.446533203125
KARNATAKA,extortion,2028,1214.7818603515625
KARNATAKA,fraud,2024,12818.6923828125
KARNATAKA,fraud,2025,8440.1904296875
KARNATAKA,fraud,2026,8440.1904296875
KARNATAKA,fraud,2027,11127.380859375
KARNATAKA,fraud,2028,11433.8564453125
KARNATAKA,hate crime,2024,5.3676276206970215
KARNATAKA,hate crime,2025,20.909814834594727
KARNATAKA,hate crime,2026,44.96316146850586
KARNATAKA,hate crime,2027,61.18019104003906
KARNATAKA,hate crime,2028,72.82884216308594
KARNATAKA,illegal trade,2024,10.67183780670166
KARNATAKA,illegal trade,2025,23.828123092651367
KARNATAKA,illegal trade,2026,40.167633056640625
KARNATAKA,illegal trade,2027,47.368045806884766
KARNATAKA,illegal trade,2028,61.93623733520508
KARNATAKA,personal revenge,2024,159.89007568359375
KARNATAKA,personal revenge,2025,247.2439727783203
KARNATAKA,personal revenge,2026,452.75946044921875
KARNATAKA,personal revenge,2027,607.0658569335938
KARNATAKA,personal revenge,2028,807.5676879882812
KARNATAKA,piracy,2024,5.876635551452637
KARNATAKA,piracy,2025,28.974472045898438
KARNATAKA,piracy,2026,127.34864807128906
KARNATAKA,piracy,2027,323.716064453125
KARNATAKA,piracy,2028,569.0841064453125
KARNATAKA,political motive,2024,22.83254051208496
KARNATAKA,political motive,2025,32.744606018066406
KARNATAKA,political motive,2026,40.45669937133789
KARNATAKA,political motive,2027,41.95438766479492
KARNATAKA,political motive,2028,55.470848083496094
KARNATAKA,prank,2024,10.317102432250977
KARNATAKA,prank,2025,29.391529083251953
KARNATAKA,prank,2026,50.91215515136719
KARNATAKA,prank,2027,69.93938446044922
KARNATAKA,prank,2028,85.72029876708984
KARNATAKA,sexual exploitation,2024,901.5438232421875
KARNATAKA,sexual exploitation,2025,899.9443359375
KARNATAKA,sexual exploitation,2026,498.7235107421875
KARNATAKA,sexual exploitation,2027,322.083740234375
KARNATAKA,sexual exploitation,2028,331.61962890625
KARNATAKA,terrorism,2024,9.974392890930176
KARNATAKA,terrorism,2025,36.223026275634766
KARNATAKA,terrorism,2026,77.09798431396484
KARNATAKA,terrorism,2027,131.52210998535156
KARNATAKA,terrorism,2028,193.25347900390625
KERALA,abetment suicide,2024,1.3580355644226074
KERALA,abetment suicide,2025,5.7740631103515625
KERALA,abetment suicide,2026,6.457765579223633
KERALA,abetment suicide,2027,5.564101219177246
KERALA,abetment suicide,2028,2.474196434020996
KERALA,data theft,2024,78.01936340332031
KERALA,data theft,2025,88.3383560180664
KERALA,data theft,2026,85.07113647460938
KERALA,data theft,2027,81.57867431640625
KERALA,data theft,2028,74.27027893066406
KERALA,emotional motive,2024,36.51034927368164
KERALA,emotional motive,2025,37.420005798339844
KERALA,emotional motive,2026,37.43054962158203
KERALA,emotional motive,2027,35.77946853637695
KERALA,emotional motive,2028,31.115373611450195
KERALA,extortion,2024,763.9564208984375
KERALA,extortion,2025,984.8002319335938
KERALA,extortion,2026,1173.80615234375
KERALA,extortion,2027,1208.6719970703125
KERALA,extortion,2028,1222.059326171875
KERALA,fraud,2024,2599.03369140625
KERALA,fraud,2025,3368.351806640625
KERALA,fraud,2026,3572.2021484375
KERALA,fraud,2027,2649.467529296875
KERALA,fraud,2028,3225.632080078125
KERALA,hate crime,2024,1.1957800388336182
KERALA,hate crime,2025,5.828008651733398
KERALA,hate crime,2026,7.315542697906494
KERALA,hate crime,2027,8.406496047973633
KERALA,hate crime,2028,8.908578872680664
KERALA,illegal trade,2024,1.5001660585403442
KERALA,illegal trade,2025,6.132393836975098
KERALA,illegal trade,2026,9.12997055053711
KERALA,illegal trade,2027,10.320528984069824
KERALA,illegal trade,2028,11.716081619262695
KERALA,personal revenge,2024,139.2080078125
KERALA,personal revenge,2025,204.67788696289062
KERALA,personal revenge,2026,267.5015869140625
KERALA,personal revenge,2027,355.1883850097656
KERALA,personal revenge,2028,457.14013671875
KERALA,piracy,2024,6.239081382751465
KERALA,piracy,2025,9.223796844482422
KERALA,piracy,2026,10.618978500366211
KERALA,piracy,2027,12.014531135559082
KERALA,piracy,2028,17.17325210571289
KERALA,political motive,2024,6.3323774337768555
KERALA,political motive,2025,9.132214546203613
KERALA,political motive,2026,10.828470230102539
KERALA,political motive,2027,12.381582260131836
KERALA,political motive,2028,17.38274383544922
KERALA,prank,2024,2.4776973724365234
KERALA,prank,2025,1.6498991250991821
KERALA,prank,2026,2.145642042160034
KERALA,prank,2027,6.239081382751465
KERALA,prank,2028,9.223796844482422
KERALA,sexual exploitation,2024,589.75927734375
KERALA,sexual exploitation,2025,668.4039916992188
KERALA,sexual exploitation,2026,765.5670166015625
KERALA,sexual exploitation,2027,724.4909057617188
KERALA,sexual exploitation,2028,385.0428161621094
KERALA,terrorism,2024,1.8688504695892334
KERALA,terrorism,2025,6.296454906463623
KERALA,terrorism,2026,9.29403305053711
KERALA,terrorism,2027,10.898706436157227
KERALA,terrorism,2028,12.294259071350098
LADAKH,abetment suicide,2024,0.0
LADAKH,abetment suicide,2025,0.0
LADAKH,abetment suicide,2026,0.0
LADAKH,abetment suicide,2027,0.0
LADAKH,abetment suicide,2028,0.0
LADAKH,data theft,2024,0.0
LADAKH,data theft,2025,0.0
LADAKH,data theft,2026,0.0
LADAKH,data theft,2027,0.0
LADAKH,data theft,2028,0.0
LADAKH,emotional motive,2024,2.9505019187927246
LADAKH,emotional motive,2025,11.288652420043945
LADAKH,emotional motive,2026,27.514833450317383
LADAKH,emotional motive,2027,44.77335739135742
LADAKH,emotional motive,2028,52.9029541015625
LADAKH,extortion,2024,2.9505019187927246
LADAKH,extortion,2025,11.288652420043945
LADAKH,extortion,2026,27.514833450317383
LADAKH,extortion,2027,44.77335739135742
LADAKH,extortion,2028,52.9029541015625
LADAKH,fraud,2024,17.441720962524414
LADAKH,fraud,2025,102.45405578613281
LADAKH,fraud,2026,308.1619567871094
LADAKH,fraud,2027,591.7152099609375
LADAKH,fraud,2028,761.447265625
LADAKH,hate crime,2024,0.0
LADAKH,hate crime,2025,0.0
LADAKH,hate crime,2026,0.0
LADAKH,hate crime,2027,0.0
LADAKH,hate crime,2028,0.0
LADAKH,illegal trade,2024,0.0
LADAKH,illegal trade,2025,0.0
LADAKH,illegal trade,2026,0.0
LADAKH,illegal trade,2027,0.0
LADAKH,illegal trade,2028,0.0
LADAKH,personal revenge,2024,0.0
LADAKH,personal revenge,2025,0.0
LADAKH,personal revenge,2026,0.0
LADAKH,personal revenge,2027,0.0
LADAKH,personal revenge,2028,0.0
LADAKH,piracy,2024,0.0
LADAKH,piracy,2025,0.0
LADAKH,piracy,2026,0.0
LADAKH,piracy,2027,0.0
LADAKH,piracy,2028,0.0
LADAKH,political motive,2024,0.0
LADAKH,political motive,2025,0.0
LADAKH,political motive,2026,0.0
LADAKH,political motive,2027,0.0
LADAKH,political motive,2028,0.0
LADAKH,prank,2024,0.0
LADAKH,prank,2025,0.0
LADAKH,prank,2026,0.0
LADAKH,prank,2027,0.0
LADAKH,prank,2028,0.0
LADAKH,sexual exploitation,2024,0.0
LADAKH,sexual exploitation,2025,0.0
LADAKH,sexual exploitation,2026,0.0
LADAKH,sexual exploitation,2027,0.0
LADAKH,sexual exploitation,2028,0.0
LADAKH,terrorism,2024,0.0
LADAKH,terrorism,2025,0.0
LADAKH,terrorism,2026,0.0
LADAKH,terrorism,2027,0.0
LADAKH,terrorism,2028,0.0
LAKSHADWEEP,abetment suicide,2024,0.0
LAKSHADWEEP,abetment suicide,2025,0.0
LAKSHADWEEP,abetment suicide,2026,0.0
LAKSHADWEEP,abetment suicide,2027,0.0
LAKSHADWEEP,abetment suicide,2028,0.0
LAKSHADWEEP,data theft,2024,0.0
LAKSHADWEEP,data theft,2025,0.0
LAKSHADWEEP,data theft,2026,0.0
LAKSHADWEEP,data theft,2027,0.0
LAKSHADWEEP,data theft,2028,0.0
LAKSHADWEEP,emotional motive,2024,2.9505019187927246
LAKSHADWEEP,emotional motive,2025,11.288652420043945
LAKSHADWEEP,emotional motive,2026,27.514833450317383
LAKSHADWEEP,emotional motive,2027,44.77335739135742
LAKSHADWEEP,emotional motive,2028,52.9029541015625
LAKSHADWEEP,extortion,2024,2.9505019187927246
LAKSHADWEEP,extortion,2025,11.288652420043945
LAKSHADWEEP,extortion,2026,27.514833450317383
LAKSHADWEEP,extortion,2027,44.77335739135742
LAKSHADWEEP,extortion,2028,52.9029541015625
LAKSHADWEEP,fraud,2024,13.70889949798584
LAKSHADWEEP,fraud,2025,102.45405578613281
LAKSHADWEEP,fraud,2026,323.5715026855469
LAKSHADWEEP,fraud,2027,658.5713500976562
LAKSHADWEEP,fraud,2028,791.40185546875
LAKSHADWEEP,hate crime,2024,0.0
LAKSHADWEEP,hate crime,2025,0.0
LAKSHADWEEP,hate crime,2026,0.0
LAKSHADWEEP,hate crime,2027,0.0
LAKSHADWEEP,hate crime,2028,0.0
LAKSHADWEEP,illegal trade,2024,0.0
LAKSHADWEEP,illegal trade,2025,0.0
LAKSHADWEEP,illegal trade,2026,0.0
LAKSHADWEEP,illegal trade,2027,0.0
LAKSHADWEEP,illegal trade,2028,0.0
LAKSHADWEEP,personal revenge,2024,0.0
LAKSHADWEEP,personal revenge,2025,0.0
LAKSHADWEEP,personal revenge,2026,0.0
LAKSHADWEEP,personal revenge,2027,0.0
LAKSHADWEEP,personal revenge,2028,0.0
LAKSHADWEEP,piracy,2024,0.0
LAKSHADWEEP,piracy,2025,0.0
LAKSHADWEEP,piracy,2026,0.0
LAKSHADWEEP,piracy,2027,0.0
LAKSHADWEEP,piracy,2028,0.0
LAKSHADWEEP,political motive,2024,0.0
LAKSHADWEEP,political motive,2025,0.0
LAKSHADWEEP,political motive,2026,0.0
LAKSHADWEEP,political motive,2027,0.0
LAKSHADWEEP,political motive,2028,0.0
LAKSHADWEEP,prank,2024,0.0
LAKSHADWEEP,prank,2025,0.0
LAKSHADWEEP,prank,2026,0.0
LAKSHADWEEP,prank,2027,0.0
LAKSHADWEEP,prank,2028,0.0
LAKSHADWEEP,sexual exploitation,2024,2.865669012069702
LAKSHADWEEP,sexual exploitation,2025,3.5871150493621826
LAKSHADWEEP,sexual exploitation,2026,3.5294697284698486
LAKSHADWEEP,sexual exploitation,2027,0.0
LAKSHADWEEP,sexual exploitation,2028,0.0
LAKSHADWEEP,terrorism,2024,0.0
LAKSHADWEEP,terrorism,2025,0.0
LAKSHADWEEP,terrorism,2026,0.0
LAKSHADWEEP,terrorism,2027,0.0
LAKSHADWEEP,terrorism,2028,0.0
MADHYA PRADESH,abetment suicide,2024,0.0
MADHYA PRADESH,abetment suicide,2025,0.0
MADHYA PRADESH,abetment suicide,2026,0.0
MADHYA PRADESH,abetment suicide,2027,0.0
MADHYA PRADESH,abetment suicide,2028,0.0
MADHYA PRADESH,data theft,2024,0.0
MADHYA PRADESH,data theft,2025,0.0
MADHYA PRADESH,data theft,2026,0.0
MADHYA PRADESH,data theft,2027,0.0
MADHYA PRADESH,data theft,2028,0.0
MADHYA PRADESH,emotional motive,2024,7.761812686920166
MADHYA PRADESH,emotional motive,2025,6.407985687255859
MADHYA PRADESH,emotional motive,2026,5.949178695678711
MADHYA PRADESH,emotional motive,2027,5.96429443359375
MADHYA PRADESH,emotional motive,2028,5.96429443359375
MADHYA PRADESH,extortion,2024,18.359317779541016
MADHYA PRADESH,extortion,2025,18.359317779541016
MADHYA PRADESH,extortion,2026,14.178272247314453
MADHYA PRADESH,extortion,2027,12.384572982788086
MADHYA PRADESH,extortion,2028,12.93549633026123
MADHYA PRADESH,fraud,2024,416.4719543457031
MADHYA PRADESH,fraud,2025,454.5870361328125
MADHYA PRADESH,fraud,2026,481.821533203125
MADHYA PRADESH,fraud,2027,486.70697021484375
MADHYA PRADESH,fraud,2028,479.8892517089844
MADHYA PRADESH,hate crime,2024,0.0
MADHYA PRADESH,hate crime,2025,0.0
MADHYA PRADESH,hate crime,2026,0.0
MADHYA PRADESH,hate crime,2027,0.0
MADHYA PRADESH,hate crime,2028,0.0
MADHYA PRADESH,illegal trade,2024,0.1408138871192932
MADHYA PRADESH,illegal trade,2025,4.010775566101074
MADHYA PRADESH,illegal trade,2026,14.183809280395508
MADHYA PRADESH,illegal trade,2027,33.93265151977539
MADHYA PRADESH,illegal trade,2028,47.606082916259766
MADHYA PRADESH,personal revenge,2024,10.02005386352539
MADHYA PRADESH,personal revenge,2025,5.766595840454102
MADHYA PRADESH,personal revenge,2026,1.777990460395813
MADHYA PRADESH,personal revenge,2027,0.0
MADHYA PRADESH,personal revenge,2028,0.0
MADHYA PRADESH,piracy,2024,0.43926313519477844
MADHYA PRADESH,piracy,2025,4.775286674499512
MADHYA PRADESH,piracy,2026,17.043298721313477
MADHYA PRADESH,piracy,2027,40.80855178833008
MADHYA PRADESH,piracy,2028,53.44656753540039
MADHYA PRADESH,political motive,2024,0.0
MADHYA PRADESH,political motive,2025,0.0
MADHYA PRADESH,political motive,2026,0.43926313519477844
MADHYA PRADESH,political motive,2027,4.775286674499512
MADHYA PRADESH,political motive,2028,17.043298721313477
MADHYA PRADESH,prank,2024,6.397144794464111
MADHYA PRADESH,prank,2025,7.106550693511963
MADHYA PRADESH,prank,2026,8.110309600830078
MADHYA PRADESH,prank,2027,8.773981094360352
MADHYA PRADESH,prank,2028,8.769952774047852
MADHYA PRADESH,sexual exploitation,2024,100.50325012207031
MADHYA PRADESH,sexual exploitation,2025,100.50325012207031
MADHYA PRADESH,sexual exploitation,2026,100.50325012207031
MADHYA PRADESH,sexual exploitation,2027,100.50325012207031
MADHYA PRADESH,sexual exploitation,2028,100.50325012207031
MADHYA PRADESH,terrorism,2024,0.04698708653450012
MADHYA PRADESH,terrorism,2025,4.37543249130249
MADHYA PRADESH,terrorism,2026,18.846412658691406
MADHYA PRADESH,terrorism,2027,48.01787567138672
MADHYA PRADESH,terrorism,2028,88.06621551513672
MAHARASHTRA,abetment suicide,2024,11.35614013671875
MAHARASHTRA,abetment suicide,2025,77.44850158691406
MAHARASHTRA,abetment suicide,2026,265.9266357421875
MAHARASHTRA,abetment suicide,2027,608.1463623046875
MAHARASHTRA,abetment suicide,2028,798.4401245117188
MAHARASHTRA,data theft,2024,11.35614013671875
MAHARASHTRA,data theft,2025,77.44850158691406
MAHARASHTRA,data theft,2026,265.9266357421875
MAHARASHTRA,data theft,2027,608.1463623046875
MAHARASHTRA,data theft,2028,798.4401245117188
MAHARASHTRA,emotional motive,2024,23.259157180786133
MAHARASHTRA,emotional motive,2025,28.055150985717773
MAHARASHTRA,emotional motive,2026,40.31391525268555
MAHARASHTRA,emotional motive,2027,48.01939010620117
MAHARASHTRA,emotional motive,2028,67.7244644165039
MAHARASHTRA,extortion,2024,138.7037811279297
MAHARASHTRA,extortion,2025,141.12728881835938
MAHARASHTRA,extortion,2026,148.03273010253906
MAHARASHTRA,extortion,2027,170.85411071777344
MAHARASHTRA,extortion,2028,188.03932189941406
MAHARASHTRA,fraud,2024,7767.63671875
MAHARASHTRA,fraud,2025,11575.505859375
MAHARASHTRA,fraud,2026,11575.505859375
MAHARASHTRA,fraud,2027,12707.6826171875
MAHARASHTRA,fraud,2028,12707.6826171875
MAHARASHTRA,hate crime,2024,16.060657501220703
MAHARASHTRA,hate crime,2025,102.36004638671875
MAHARASHTRA,hate crime,2026,301.3067932128906
MAHARASHTRA,hate crime,2027,570.1282348632812
MAHARASHTRA,hate crime,2028,738.1112060546875
MAHARASHTRA,illegal trade,2024,10.971516609191895
MAHARASHTRA,illegal trade,2025,73.47557067871094
MAHARASHTRA,illegal trade,2026,241.81381225585938
MAHARASHTRA,illegal trade,2027,601.6893310546875
MAHARASHTRA,illegal trade,2028,787.4318237304688
MAHARASHTRA,personal revenge,2024,71.27227020263672
MAHARASHTRA,personal revenge,2025,88.07872772216797
MAHARASHTRA,personal revenge,2026,104.11532592773438
MAHARASHTRA,personal revenge,2027,127.49351501464844
MAHARASHTRA,personal revenge,2028,153.95361328125
MAHARASHTRA,piracy,2024,14.912158012390137
MAHARASHTRA,piracy,2025,101.14124298095703
MAHARASHTRA,piracy,2026,300.3770751953125
MAHARASHTRA,piracy,2027,568.909423828125
MAHARASHTRA,piracy,2028,736.8092651367188
MAHARASHTRA,political motive,2024,8.743521690368652
MAHARASHTRA,political motive,2025,52.38334655761719
MAHARASHTRA,political motive,2026,211.522705078125
MAHARASHTRA,political motive,2027,508.9798278808594
MAHARASHTRA,political motive,2028,636.4840698242188
MAHARASHTRA,prank,2024,8.964831352233887
MAHARASHTRA,prank,2025,52.38334655761719
MAHARASHTRA,prank,2026,211.79293823242188
MAHARASHTRA,prank,2027,509.25006103515625
MAHARASHTRA,prank,2028,636.7542724609375
MAHARASHTRA,sexual exploitation,2024,495.69769287109375
MAHARASHTRA,sexual exploitation,2025,448.7157897949219
MAHARASHTRA,sexual exploitation,2026,400.3180236816406
MAHARASHTRA,sexual exploitation,2027,393.2408142089844
MAHARASHTRA,sexual exploitation,2028,394.92010498046875
MAHARASHTRA,terrorism,2024,14.982394218444824
MAHARASHTRA,terrorism,2025,97.61666107177734
MAHARASHTRA,terrorism,2026,300.7175598144531
MAHARASHTRA,terrorism,2027,598.33056640625
MAHARASHTRA,terrorism,2028,728.7984619140625
MANIPUR,abetment suicide,2024,0.0
MANIPUR,abetment suicide,2025,0.0
MANIPUR,abetment suicide,2026,0.0
MANIPUR,abetment suicide,2027,0.0
MANIPUR,abetment suicide,2028,0.0
MANIPUR,data theft,2024,0.0
MANIPUR,data theft,2025,0.0
MANIPUR,data theft,2026,0.0
MANIPUR,data theft,2027,0.0
MANIPUR,data theft,2028,0.0
MANIPUR,emotional motive,2024,2.5803723335266113
MANIPUR,emotional motive,2025,8.742393493652344
MANIPUR,emotional motive,2026,13.63232707977295
MANIPUR,emotional motive,2027,17.02159881591797
MANIPUR,emotional motive,2028,15.769513130187988
MANIPUR,extortion,2024,0.674077033996582
MANIPUR,extortion,2025,6.361515998840332
MANIPUR,extortion,2026,13.827482223510742
MANIPUR,extortion,2027,20.01055908203125
MANIPUR,extortion,2028,18.024337768554688
MANIPUR,fraud,2024,4.6616291999816895
MANIPUR,fraud,2025,13.620025634765625
MANIPUR,fraud,2026,32.07610321044922
MANIPUR,fraud,2027,54.76732635498047
MANIPUR,fraud,2028,77.66484069824219
MANIPUR,hate crime,2024,0.0
MANIPUR,hate crime,2025,0.0
MANIPUR,hate crime,2026,0.0
MANIPUR,hate crime,2027,0.0
MANIPUR,hate crime,2028,0.0
MANIPUR,illegal trade,2024,0.0
MANIPUR,illegal trade,2025,0.0
MANIPUR,illegal trade,2026,0.0
MANIPUR,illegal trade,2027,0.0
MANIPUR,illegal trade,2028,0.0
MANIPUR,personal revenge,2024,0.0
MANIPUR,personal revenge,2025,0.0
MANIPUR,personal revenge,2026,0.0
MANIPUR,personal revenge,2027,0.0
MANIPUR,personal revenge,2028,0.0
MANIPUR,piracy,2024,0.0
MANIPUR,piracy,2025,0.0
MANIPUR,piracy,2026,0.0
MANIPUR,piracy,2027,0.0
MANIPUR,piracy,2028,0.0
MANIPUR,political motive,2024,0.0
MANIPUR,political motive,2025,0.0
MANIPUR,political motive,2026,0.0
MANIPUR,political motive,2027,0.0
MANIPUR,political motive,2028,0.0
MANIPUR,prank,2024,0.0
MANIPUR,prank,2025,0.0
MANIPUR,prank,2026,0.0
MANIPUR,prank,2027,0.0
MANIPUR,prank,2028,0.0
MANIPUR,sexual exploitation,2024,0.0
MANIPUR,sexual exploitation,2025,0.0
MANIPUR,sexual exploitation,2026,0.0
MANIPUR,sexual exploitation,2027,0.0
MANIPUR,sexual exploitation,2028,0.0
MANIPUR,terrorism,2024,0.0
MANIPUR,terrorism,2025,0.0
MANIPUR,terrorism,2026,0.0
MANIPUR,terrorism,2027,0.0
MANIPUR,terrorism,2028,0.0
MEGHALAYA,abetment suicide,2024,0.0
MEGHALAYA,abetment suicide,2025,0.0
MEGHALAYA,abetment suicide,2026,0.0
MEGHALAYA,abetment suicide,2027,0.0
MEGHALAYA,abetment suicide,2028,0.0
MEGHALAYA,data theft,2024,0.0
MEGHALAYA,data theft,2025,0.0
MEGHALAYA,data theft,2026,0.0
MEGHALAYA,data theft,2027,0.0
MEGHALAYA,data theft,2028,0.0
MEGHALAYA,emotional motive,2024,2.735288143157959
MEGHALAYA,emotional motive,2025,5.150753974914551
MEGHALAYA,emotional motive,2026,7.978728771209717
MEGHALAYA,emotional motive,2027,7.890819072723389
MEGHALAYA,emotional motive,2028,4.284329414367676
MEGHALAYA,extortion,2024,0.8289928436279297
MEGHALAYA,extortion,2025,0.0
MEGHALAYA,extortion,2026,1.634135365486145
MEGHALAYA,extortion,2027,6.603039741516113
MEGHALAYA,extortion,2028,8.957094192504883
MEGHALAYA,fraud,2024,24.783987045288086
MEGHALAYA,fraud,2025,32.929073333740234
MEGHALAYA,fraud,2026,44.96000289916992
MEGHALAYA,fraud,2027,59.847129821777344
MEGHALAYA,fraud,2028,78.6728286743164
MEGHALAYA,hate crime,2024,0.0
MEGHALAYA,hate crime,2025,0.0
MEGHALAYA,hate crime,2026,0.0
MEGHALAYA,hate crime,2027,0.0
MEGHALAYA,hate crime,2028,0.0
MEGHALAYA,illegal trade,2024,0.0
MEGHALAYA,illegal trade,2025,0.0
MEGHALAYA,illegal trade,2026,0.0
MEGHALAYA,illegal trade,2027,0.0
MEGHALAYA,illegal trade,2028,0.0
MEGHALAYA,personal revenge,2024,0.0
MEGHALAYA,personal revenge,2025,0.0
MEGHALAYA,personal revenge,2026,0.0
MEGHALAYA,personal revenge,2027,0.0
MEGHALAYA,personal revenge,2028,0.0
MEGHALAYA,piracy,2024,0.0
MEGHALAYA,piracy,2025,0.0
MEGHALAYA,piracy,2026,0.0
MEGHALAYA,piracy,2027,0.0
MEGHALAYA,piracy,2028,0.0
MEGHALAYA,political motive,2024,3.3668789863586426
MEGHALAYA,political motive,2025,4.223572731018066
MEGHALAYA,political motive,2026,5.4496750831604
MEGHALAYA,political motive,2027,5.4496750831604
MEGHALAYA,political motive,2028,1.4221547842025757
MEGHALAYA,prank,2024,0.0
MEGHALAYA,prank,2025,0.0
MEGHALAYA,prank,2026,0.0
MEGHALAYA,prank,2027,0.0
MEGHALAYA,prank,2028,0.0
MEGHALAYA,sexual exploitation,2024,9.780981063842773
MEGHALAYA,sexual exploitation,2025,1.902748465538025
MEGHALAYA,sexual exploitation,2026,0.0
MEGHALAYA,sexual exploitation,2027,0.0
MEGHALAYA,sexual exploitation,2028,0.0
MEGHALAYA,terrorism,2024,0.0
MEGHALAYA,terrorism,2025,0.0
MEGHALAYA,terrorism,2026,0.0
MEGHALAYA,terrorism,2027,0.0
MEGHALAYA,terrorism,2028,0.0
MIZORAM,abetment suicide,2024,0.0
MIZORAM,abetment suicide,2025,0.0
MIZORAM,abetment suicide,2026,0.0
MIZORAM,abetment suicide,2027,0.0
MIZORAM,abetment suicide,2028,0.0
MIZORAM,data theft,2024,0.0
MIZORAM,data theft,2025,0.0
MIZORAM,data theft,2026,0.0
MIZORAM,data theft,2027,0.0
MIZORAM,data theft,2028,0.0
MIZORAM,emotional motive,2024,2.4606850147247314
MIZORAM,emotional motive,2025,8.799870491027832
MIZORAM,emotional motive,2026,13.63232707977295
MIZORAM,emotional motive,2027,15.453221321105957
MIZORAM,emotional motive,2028,14.841193199157715
MIZORAM,extortion,2024,2.4606850147247314
MIZORAM,extortion,2025,8.799870491027832
MIZORAM,extortion,2026,13.63232707977295
MIZORAM,extortion,2027,15.453221321105957
MIZORAM,extortion,2028,14.841193199157715
MIZORAM,fraud,2024,40.61225891113281
MIZORAM,fraud,2025,59.38334274291992
MIZORAM,fraud,2026,83.0218276977539
MIZORAM,fraud,2027,107.1753921508789
MIZORAM,fraud,2028,149.4518280029297
MIZORAM,hate crime,2024,0.0
MIZORAM,hate crime,2025,0.0
MIZORAM,hate crime,2026,0.0
MIZORAM,hate crime,2027,0.0
MIZORAM,hate crime,2028,0.0
MIZORAM,illegal trade,2024,0.0
MIZORAM,illegal trade,2025,0.0
MIZORAM,illegal trade,2026,0.0
MIZORAM,illegal trade,2027,0.0
MIZORAM,illegal trade,2028,0.0
MIZORAM,personal revenge,2024,0.0
MIZORAM,personal revenge,2025,0.0
MIZORAM,personal revenge,2026,0.0
MIZORAM,personal revenge,2027,0.0
MIZORAM,personal revenge,2028,0.0
MIZORAM,piracy,2024,0.0
MIZORAM,piracy,2025,0.0
MIZORAM,piracy,2026,0.0
MIZORAM,piracy,2027,0.0
MIZORAM,piracy,2028,0.0
MIZORAM,political motive,2024,0.0
MIZORAM,political motive,2025,0.0
MIZORAM,political motive,2026,0.0
MIZORAM,political motive,2027,0.0
MIZORAM,political motive,2028,0.0
MIZORAM,prank,2024,0.0
MIZORAM,prank,2025,0.0
MIZORAM,prank,2026,0.0
MIZORAM,prank,2027,0.0
MIZORAM,prank,2028,0.0
MIZORAM,sexual exploitation,2024,0.0
MIZORAM,sexual exploitation,2025,0.0
MIZORAM,sexual exploitation,2026,0.0
MIZORAM,sexual exploitation,2027,0.0
MIZORAM,sexual exploitation,2028,0.0
MIZORAM,terrorism,2024,0.0
MIZORAM,terrorism,2025,0.0
MIZORAM,terrorism,2026,0.0
MIZORAM,terrorism,2027,0.0
MIZORAM,terrorism,2028,0.0
NAGALAND,abetment suicide,2024,0.0
NAGALAND,abetment suicide,2025,0.0
NAGALAND,abetment suicide,2026,0.0
NAGALAND,abetment suicide,2027,0.0
NAGALAND,abetment suicide,2028,0.0
NAGALAND,data theft,2024,0.0
NAGALAND,data theft,2025,0.0
NAGALAND,data theft,2026,0.0
NAGALAND,data theft,2027,0.0
NAGALAND,data theft,2028,0.0
NAGALAND,emotional motive,2024,2.4606850147247314
NAGALAND,emotional motive,2025,8.799870491027832
NAGALAND,emotional motive,2026,13.63232707977295
NAGALAND,emotional motive,2027,15.453221321105957
NAGALAND,emotional motive,2028,14.841193199157715
NAGALAND,extortion,2024,1.537368893623352
NAGALAND,extortion,2025,6.483352184295654
NAGALAND,extortion,2026,8.837408065795898
NAGALAND,extortion,2027,7.539633274078369
NAGALAND,extortion,2028,4.056494235992432
NAGALAND,fraud,2024,9.892568588256836
NAGALAND,fraud,2025,38.65068054199219
NAGALAND,fraud,2026,120.5925521850586
NAGALAND,fraud,2027,272.30560302734375
NAGALAND,fraud,2028,552.1489868164062
NAGALAND,hate crime,2024,0.0
NAGALAND,hate crime,2025,0.0
NAGALAND,hate crime,2026,0.0
NAGALAND,hate crime,2027,0.0
NAGALAND,hate crime,2028,0.0
NAGALAND,illegal trade,2024,0.0
NAGALAND,illegal trade,2025,0.0
NAGALAND,illegal trade,2026,0.0
NAGALAND,illegal trade,2027,0.0
NAGALAND,illegal trade,2028,0.0
NAGALAND,personal revenge,2024,0.0
NAGALAND,personal revenge,2025,0.0
NAGALAND,personal revenge,2026,0.0
NAGALAND,personal revenge,2027,0.0
NAGALAND,personal revenge,2028,0.0
NAGALAND,piracy,2024,0.0
NAGALAND,piracy,2025,0.0
NAGALAND,piracy,2026,0.0
NAGALAND,piracy,2027,0.0
NAGALAND,piracy,2028,0.0
NAGALAND,political motive,2024,0.0
NAGALAND,political motive,2025,0.0
NAGALAND,political motive,2026,0.0
NAGALAND,political motive,2027,0.0
NAGALAND,political motive,2028,0.0
NAGALAND,prank,2024,0.0
NAGALAND,prank,2025,0.0
NAGALAND,prank,2026,0.0
NAGALAND,prank,2027,0.0
NAGALAND,prank,2028,0.0
NAGALAND,sexual exploitation,2024,0.0
NAGALAND,sexual exploitation,2025,0.0
NAGALAND,sexual exploitation,2026,0.0
NAGALAND,sexual exploitation,2027,0.0
NAGALAND,sexual exploitation,2028,0.0
NAGALAND,terrorism,2024,0.0
NAGALAND,terrorism,2025,0.0
NAGALAND,terrorism,2026,0.0
NAGALAND,terrorism,2027,0.0
NAGALAND,terrorism,2028,0.0
ODISHA,abetment suicide,2024,0.0
ODISHA,abetment suicide,2025,0.0
ODISHA,abetment suicide,2026,0.0
ODISHA,abetment suicide,2027,0.0
ODISHA,abetment suicide,2028,0.0
ODISHA,data theft,2024,0.0
ODISHA,data theft,2025,0.0
ODISHA,data theft,2026,0.0
ODISHA,data theft,2027,0.0
ODISHA,data theft,2028,0.0
ODISHA,emotional motive,2024,2.8717293739318848
ODISHA,emotional motive,2025,9.890667915344238
ODISHA,emotional motive,2026,15.276663780212402
ODISHA,emotional motive,2027,16.787586212158203
ODISHA,emotional motive,2028,16.94556999206543
ODISHA,extortion,2024,14.872397422790527
ODISHA,extortion,2025,95.02821350097656
ODISHA,extortion,2026,255.24212646484375
ODISHA,extortion,2027,548.5635375976562
ODISHA,extortion,2028,653.7808837890625
ODISHA,fraud,2024,2537.2568359375
ODISHA,fraud,2025,3630.063720703125
ODISHA,fraud,2026,4278.96142578125
ODISHA,fraud,2027,8013.39404296875
ODISHA,fraud,2028,8538.2490234375
ODISHA,hate crime,2024,0.0
ODISHA,hate crime,2025,0.0
ODISHA,hate crime,2026,0.0
ODISHA,hate crime,2027,0.0
ODISHA,hate crime,2028,0.0
ODISHA,illegal trade,2024,0.0
ODISHA,illegal trade,2025,0.0
ODISHA,illegal trade,2026,0.0
ODISHA,illegal trade,2027,0.0
ODISHA,illegal trade,2028,0.0
ODISHA,personal revenge,2024,0.417455792427063
ODISHA,personal revenge,2025,4.890053749084473
ODISHA,personal revenge,2026,11.321107864379883
ODISHA,personal revenge,2027,19.53408432006836
ODISHA,personal revenge,2028,20.075624465942383
ODISHA,piracy,2024,0.5540313124656677
ODISHA,piracy,2025,4.890053749084473
ODISHA,piracy,2026,11.321107864379883
ODISHA,piracy,2027,19.53408432006836
ODISHA,piracy,2028,20.075624465942383
ODISHA,political motive,2024,0.5540313124656677
ODISHA,political motive,2025,4.890053749084473
ODISHA,political motive,2026,11.321107864379883
ODISHA,political motive,2027,19.743576049804688
ODISHA,political motive,2028,20.28511619567871
ODISHA,prank,2024,0.5540313124656677
ODISHA,prank,2025,4.890053749084473
ODISHA,prank,2026,11.321107864379883
ODISHA,prank,2027,20.013805389404297
ODISHA,prank,2028,22.201522827148438
ODISHA,sexual exploitation,2024,27.812240600585938
ODISHA,sexual exploitation,2025,57.7130126953125
ODISHA,sexual exploitation,2026,74.6461181640625
ODISHA,sexual exploitation,2027,79.16851043701172
ODISHA,sexual exploitation,2028,83.90984344482422
ODISHA,terrorism,2024,0.6242668628692627
ODISHA,terrorism,2025,4.960289001464844
ODISHA,terrorism,2026,11.39134407043457
ODISHA,terrorism,2027,20.084041595458984
ODISHA,terrorism,2028,22.271759033203125
PUDUCHERRY,abetment suicide,2024,0.0
PUDUCHERRY,abetment suicide,2025,0.0
PUDUCHERRY,abetment suicide,2026,0.0
PUDUCHERRY,abetment suicide,2027,0.0
PUDUCHERRY,abetment suicide,2028,0.0
PUDUCHERRY,data theft,2024,0.0
PUDUCHERRY,data theft,2025,0.0
PUDUCHERRY,data theft,2026,0.0
PUDUCHERRY,data theft,2027,0.0
PUDUCHERRY,data theft,2028,0.0
PUDUCHERRY,emotional motive,2024,3.7950456142425537
PUDUCHERRY,emotional motive,2025,13.502516746520996
PUDUCHERRY,emotional motive,2026,37.7495231628418
PUDUCHERRY,emotional motive,2027,51.063594818115234
PUDUCHERRY,emotional motive,2028,59.556495666503906
PUDUCHERRY,extortion,2024,6.210510730743408
PUDUCHERRY,extortion,2025,13.442748069763184
PUDUCHERRY,extortion,2026,21.344921112060547
PUDUCHERRY,extortion,2027,28.400049209594727
PUDUCHERRY,extortion,2028,32.47454833984375
PUDUCHERRY,fraud,2024,207.32810974121094
PUDUCHERRY,fraud,2025,301.3094177246094
PUDUCHERRY,fraud,2026,460.8194885253906
PUDUCHERRY,fraud,2027,612.1693725585938
PUDUCHERRY,fraud,2028,809.9269409179688
PUDUCHERRY,hate crime,2024,0.0
PUDUCHERRY,hate crime,2025,0.0
PUDUCHERRY,hate crime,2026,0.0
PUDUCHERRY,hate crime,2027,0.0
PUDUCHERRY,hate crime,2028,0.0
PUDUCHERRY,illegal trade,2024,0.0
PUDUCHERRY,illegal trade,2025,0.0
PUDUCHERRY,illegal trade,2026,0.0
PUDUCHERRY,illegal trade,2027,0.0
PUDUCHERRY,illegal trade,2028,0.0
PUDUCHERRY,personal revenge,2024,0.5540313124656677
PUDUCHERRY,personal revenge,2025,4.890053749084473
PUDUCHERRY,personal revenge,2026,11.321107864379883
PUDUCHERRY,personal revenge,2027,19.53408432006836
PUDUCHERRY,personal revenge,2028,20.075624465942383
PUDUCHERRY,piracy,2024,0.5540313124656677
PUDUCHERRY,piracy,2025,4.890053749084473
PUDUCHERRY,piracy,2026,11.321107864379883
PUDUCHERRY,piracy,2027,19.53408432006836
PUDUCHERRY,piracy,2028,20.075624465942383
PUDUCHERRY,political motive,2024,0.5540313124656677
PUDUCHERRY,political motive,2025,4.890053749084473
PUDUCHERRY,political motive,2026,11.321107864379883
PUDUCHERRY,political motive,2027,19.743576049804688
PUDUCHERRY,political motive,2028,20.28511619567871
PUDUCHERRY,prank,2024,0.5540313124656677
PUDUCHERRY,prank,2025,4.890053749084473
PUDUCHERRY,prank,2026,11.321107864379883
PUDUCHERRY,prank,2027,20.013805389404297
PUDUCHERRY,prank,2028,22.201522827148438
PUDUCHERRY,sexual exploitation,2024,19.654216766357422
PUDUCHERRY,sexual exploitation,2025,16.90515899658203
PUDUCHERRY,sexual exploitation,2026,11.11534309387207
PUDUCHERRY,sexual exploitation,2027,4.603579998016357
PUDUCHERRY,sexual exploitation,2028,0.6710451245307922
PUDUCHERRY,terrorism,2024,0.6242668628692627
PUDUCHERRY,terrorism,2025,4.960289001464844
PUDUCHERRY,terrorism,2026,11.39134407043457
PUDUCHERRY,terrorism,2027,20.084041595458984
PUDUCHERRY,terrorism,2028,22.271759033203125
PUNJAB,abetment suicide,2024,0.0
PUNJAB,abetment suicide,2025,0.0
PUNJAB,abetment suicide,2026,0.0
PUNJAB,abetment suicide,2027,0.0
PUNJAB,abetment suicide,2028,0.0
PUNJAB,data theft,2024,0.0
PUNJAB,data theft,2025,0.0
PUNJAB,data theft,2026,0.0
PUNJAB,data theft,2027,0.0
PUNJAB,data theft,2028,0.0
PUNJAB,emotional motive,2024,11.450606346130371
PUNJAB,emotional motive,2025,9.134247779846191
PUNJAB,emotional motive,2026,7.233465671539307
PUNJAB,emotional motive,2027,5.543820381164551
PUNJAB,emotional motive,2028,5.257045745849609
PUNJAB,extortion,2024,61.623565673828125
PUNJAB,extortion,2025,70.7059326171875
PUNJAB,extortion,2026,72.78352355957031
PUNJAB,extortion,2027,75.03304290771484
PUNJAB,extortion,2028,74.1578598022461
PUNJAB,fraud,2024,290.8153991699219
PUNJAB,fraud,2025,300.21820068359375
PUNJAB,fraud,2026,300.21820068359375
PUNJAB,fraud,2027,295.6106872558594
PUNJAB,fraud,2028,265.7531433105469
PUNJAB,hate crime,2024,0.0
PUNJAB,hate crime,2025,0.0
PUNJAB,hate crime,2026,0.0
PUNJAB,hate crime,2027,0.0
PUNJAB,hate crime,2028,0.0
PUNJAB,illegal trade,2024,0.0
PUNJAB,illegal trade,2025,0.0
PUNJAB,illegal trade,2026,0.0
PUNJAB,illegal trade,2027,0.0
PUNJAB,illegal trade,2028,0.0
PUNJAB,personal revenge,2024,16.542837142944336
PUNJAB,personal revenge,2025,16.538808822631836
PUNJAB,personal revenge,2026,10.835615158081055
PUNJAB,personal revenge,2027,4.164456844329834
PUNJAB,personal revenge,2028,0.6008095741271973
PUNJAB,piracy,2024,0.0
PUNJAB,piracy,2025,0.0
PUNJAB,piracy,2026,0.5540313124656677
PUNJAB,piracy,2027,4.890053749084473
PUNJAB,piracy,2028,11.321107864379883
PUNJAB,political motive,2024,0.9669771194458008
PUNJAB,political motive,2025,0.5142223834991455
PUNJAB,political motive,2026,0.7946204543113708
PUNJAB,political motive,2027,4.581551551818848
PUNJAB,political motive,2028,6.671073913574219
PUNJAB,prank,2024,1.9193609952926636
PUNJAB,prank,2025,0.7118234634399414
PUNJAB,prank,2026,0.5142223834991455
PUNJAB,prank,2027,0.5540313124656677
PUNJAB,prank,2028,4.41996431350708
PUNJAB,sexual exploitation,2024,66.9627914428711
PUNJAB,sexual exploitation,2025,60.56846237182617
PUNJAB,sexual exploitation,2026,56.45356369018555
PUNJAB,sexual exploitation,2027,46.72216033935547
PUNJAB,sexual exploitation,2028,40.065555572509766
PUNJAB,terrorism,2024,0.6242668628692627
PUNJAB,terrorism,2025,0.8648560047149658
PUNJAB,terrorism,2026,4.494226932525635
PUNJAB,terrorism,2027,6.74130916595459
PUNJAB,terrorism,2028,7.701013565063477
RAJASTHAN,abetment suicide,2024,0.0
RAJASTHAN,abetment suicide,2025,0.0
RAJASTHAN,abetment suicide,2026,0.0
RAJASTHAN,abetment suicide,2027,0.0
RAJASTHAN,abetment suicide,2028,0.0
RAJASTHAN,data theft,2024,0.0
RAJASTHAN,data theft,2025,0.0
RAJASTHAN,data theft,2026,0.0
RAJASTHAN,data theft,2027,0.0
RAJASTHAN,data theft,2028,0.0
RAJASTHAN,emotional motive,2024,5.864023685455322
RAJASTHAN,emotional motive,2025,5.184423923492432
RAJASTHAN,emotional motive,2026,5.184423923492432
RAJASTHAN,emotional motive,2027,5.412258148193359
RAJASTHAN,emotional motive,2028,7.669419288635254
RAJASTHAN,extortion,2024,127.23210906982422
RAJASTHAN,extortion,2025,105.00819396972656
RAJASTHAN,extortion,2026,100.91732788085938
RAJASTHAN,extortion,2027,95.92694854736328
RAJASTHAN,extortion,2028,104.72699737548828
RAJASTHAN,fraud,2024,1207.9920654296875
RAJASTHAN,fraud,2025,1196.9796142578125
RAJASTHAN,fraud,2026,1166.3131103515625
RAJASTHAN,fraud,2027,1166.3131103515625
RAJASTHAN,fraud,2028,1166.3131103515625
RAJASTHAN,hate crime,2024,0.0
RAJASTHAN,hate crime,2025,0.0
RAJASTHAN,hate crime,2026,0.0
RAJASTHAN,hate crime,2027,0.0
RAJASTHAN,hate crime,2028,0.0
RAJASTHAN,illegal trade,2024,0.0
RAJASTHAN,illegal trade,2025,0.0
RAJASTHAN,illegal trade,2026,0.0
RAJASTHAN,illegal trade,2027,0.0
RAJASTHAN,illegal trade,2028,0.0
RAJASTHAN,personal revenge,2024,66.00086975097656
RAJASTHAN,personal revenge,2025,80.04304504394531
RAJASTHAN,personal revenge,2026,96.67520904541016
RAJASTHAN,personal revenge,2027,120.04854583740234
RAJASTHAN,personal revenge,2028,146.70883178710938
RAJASTHAN,piracy,2024,0.5540313124656677
RAJASTHAN,piracy,2025,4.890053749084473
RAJASTHAN,piracy,2026,11.321107864379883
RAJASTHAN,piracy,2027,19.53408432006836
RAJASTHAN,piracy,2028,20.075624465942383
RAJASTHAN,political motive,2024,1.9193609952926636
RAJASTHAN,political motive,2025,0.7118234634399414
RAJASTHAN,political motive,2026,0.5142223834991455
RAJASTHAN,political motive,2027,0.5540313124656677
RAJASTHAN,political motive,2028,4.41996431350708
RAJASTHAN,prank,2024,2.877418279647827
RAJASTHAN,prank,2025,1.4823381900787354
RAJASTHAN,prank,2026,0.9271678924560547
RAJASTHAN,prank,2027,0.7946204543113708
RAJASTHAN,prank,2028,0.5540313124656677
RAJASTHAN,sexual exploitation,2024,437.43609619140625
RAJASTHAN,sexual exploitation,2025,470.4344482421875
RAJASTHAN,sexual exploitation,2026,467.686279296875
RAJASTHAN,sexual exploitation,2027,400.41937255859375
RAJASTHAN,sexual exploitation,2028,393.83447265625
RAJASTHAN,terrorism,2024,4.651786804199219
RAJASTHAN,terrorism,2025,6.74130916595459
RAJASTHAN,terrorism,2026,7.392511367797852
RAJASTHAN,terrorism,2027,8.41732120513916
RAJASTHAN,terrorism,2028,9.080994606018066
SIKKIM,abetment suicide,2024,0.0
SIKKIM,abetment suicide,2025,0.0
SIKKIM,abetment suicide,2026,0.0
SIKKIM,abetment suicide,2027,0.0
SIKKIM,abetment suicide,2028,0.0
SIKKIM,data theft,2024,0.0
SIKKIM,data theft,2025,0.0
SIKKIM,data theft,2026,0.0
SIKKIM,data theft,2027,0.0
SIKKIM,data theft,2028,0.0
SIKKIM,emotional motive,2024,3.2673447132110596
SIKKIM,emotional motive,2025,9.362966537475586
SIKKIM,emotional motive,2026,14.74896240234375
SIKKIM,emotional motive,2027,20.080259323120117
SIKKIM,emotional motive,2028,18.21896743774414
SIKKIM,extortion,2024,5.682809829711914
SIKKIM,extortion,2025,11.889945983886719
SIKKIM,extortion,2026,14.403519630432129
SIKKIM,extortion,2027,15.647851943969727
SIKKIM,extortion,2028,16.417869567871094
SIKKIM,fraud,2024,18.357723236083984
SIKKIM,fraud,2025,64.47450256347656
SIKKIM,fraud,2026,165.45684814453125
SIKKIM,fraud,2027,380.954833984375
SIKKIM,fraud,2028,615.3382568359375
SIKKIM,hate crime,2024,0.0
SIKKIM,hate crime,2025,0.0
SIKKIM,hate crime,2026,0.0
SIKKIM,hate crime,2027,0.0
SIKKIM,hate crime,2028,0.0
SIKKIM,illegal trade,2024,0.0
SIKKIM,illegal trade,2025,0.0
SIKKIM,illegal trade,2026,0.0
SIKKIM,illegal trade,2027,0.0
SIKKIM,illegal trade,2028,0.0
SIKKIM,personal revenge,2024,0.36924248933792114
SIKKIM,personal revenge,2025,4.396762847900391
SIKKIM,personal revenge,2026,8.0958833694458
SIKKIM,personal revenge,2027,8.99019718170166
SIKKIM,personal revenge,2028,8.821941375732422
SIKKIM,piracy,2024,0.36924248933792114
SIKKIM,piracy,2025,4.396762847900391
SIKKIM,piracy,2026,8.0958833694458
SIKKIM,piracy,2027,8.99019718170166
SIKKIM,piracy,2028,8.821941375732422
SIKKIM,political motive,2024,4.705265045166016
SIKKIM,political motive,2025,6.78806209564209
SIKKIM,political motive,2026,7.137487411499023
SIKKIM,political motive,2027,8.162297248840332
SIKKIM,political motive,2028,8.825969696044922
SIKKIM,prank,2024,0.36924248933792114
SIKKIM,prank,2025,4.396762847900391
SIKKIM,prank,2026,8.0958833694458
SIKKIM,prank,2027,8.99019718170166
SIKKIM,prank,2028,8.821941375732422
SIKKIM,sexual exploitation,2024,0.4394780397415161
SIKKIM,sexual exploitation,2025,4.775500297546387
SIKKIM,sexual exploitation,2026,11.206555366516113
SIKKIM,sexual exploitation,2027,19.899253845214844
SIKKIM,sexual exploitation,2028,20.170564651489258
SIKKIM,terrorism,2024,0.4394780397415161
SIKKIM,terrorism,2025,4.775500297546387
SIKKIM,terrorism,2026,11.206555366516113
SIKKIM,terrorism,2027,19.899253845214844
SIKKIM,terrorism,2028,20.170564651489258
TAMIL NADU,abetment suicide,2024,0.0
TAMIL NADU,abetment suicide,2025,0.0
TAMIL NADU,abetment suicide,2026,0.0
TAMIL NADU,abetment suicide,2027,0.0
TAMIL NADU,abetment suicide,2028,0.0
TAMIL NADU,data theft,2024,0.0
TAMIL NADU,data theft,2025,0.0
TAMIL NADU,data theft,2026,0.0
TAMIL NADU,data theft,2027,0.0
TAMIL NADU,data theft,2028,0.0
TAMIL NADU,emotional motive,2024,15.957140922546387
TAMIL NADU,emotional motive,2025,11.476808547973633
TAMIL NADU,emotional motive,2026,7.899693965911865
TAMIL NADU,emotional motive,2027,6.156678676605225
TAMIL NADU,emotional motive,2028,5.381399154663086
TAMIL NADU,extortion,2024,60.0014533996582
TAMIL NADU,extortion,2025,72.2646255493164
TAMIL NADU,extortion,2026,78.64830017089844
TAMIL NADU,extortion,2027,81.0201187133789
TAMIL NADU,extortion,2028,80.47947692871094
TAMIL NADU,fraud,2024,3975.970458984375
TAMIL NADU,fraud,2025,2926.5927734375
TAMIL NADU,fraud,2026,3495.39501953125
TAMIL NADU,fraud,2027,4176.193359375
TAMIL NADU,fraud,2028,8029.16650390625
TAMIL NADU,hate crime,2024,5.064661026000977
TAMIL NADU,hate crime,2025,6.297490119934082
TAMIL NADU,hate crime,2026,6.646915435791016
TAMIL NADU,hate crime,2027,6.485328197479248
TAMIL NADU,hate crime,2028,2.6193952560424805
TAMIL NADU,illegal trade,2024,0.3173811137676239
TAMIL NADU,illegal trade,2025,4.344900608062744
TAMIL NADU,illegal trade,2026,8.248642921447754
TAMIL NADU,illegal trade,2027,8.938335418701172
TAMIL NADU,illegal trade,2028,8.770078659057617
TAMIL NADU,personal revenge,2024,24.31954002380371
TAMIL NADU,personal revenge,2025,19.963804244995117
TAMIL NADU,personal revenge,2026,11.116745948791504
TAMIL NADU,personal revenge,2027,5.811062812805176
TAMIL NADU,personal revenge,2028,2.7887752056121826
TAMIL NADU,piracy,2024,1.3831897974014282
TAMIL NADU,piracy,2025,0.0
TAMIL NADU,piracy,2026,0.0
TAMIL NADU,piracy,2027,0.9346739649772644
TAMIL NADU,piracy,2028,5.27069616317749
TAMIL NADU,political motive,2024,31.691234588623047
TAMIL NADU,political motive,2025,28.77863883972168
TAMIL NADU,political motive,2026,25.873008728027344
TAMIL NADU,political motive,2027,20.84159278869629
TAMIL NADU,political motive,2028,13.865367889404297
TAMIL NADU,prank,2024,4.681601524353027
TAMIL NADU,prank,2025,2.129129648208618
TAMIL NADU,prank,2026,1.3078105449676514
TAMIL NADU,prank,2027,1.0924656391143799
TAMIL NADU,prank,2028,0.9346739649772644
TAMIL NADU,sexual exploitation,2024,205.81906127929688
TAMIL NADU,sexual exploitation,2025,212.0772705078125
TAMIL NADU,sexual exploitation,2026,208.3077392578125
TAMIL NADU,sexual exploitation,2027,180.73245239257812
TAMIL NADU,sexual exploitation,2028,166.7793426513672
TAMIL NADU,terrorism,2024,1.0049093961715698
TAMIL NADU,terrorism,2025,5.340931415557861
TAMIL NADU,terrorism,2026,9.778597831726074
TAMIL NADU,terrorism,2027,10.532621383666992
TAMIL NADU,terrorism,2028,11.112142562866211
TELANGANA,abetment suicide,2024,3.104349374771118
TELANGANA,abetment suicide,2025,3.0706188678741455
TELANGANA,abetment suicide,2026,0.35162636637687683
TELANGANA,abetment suicide,2027,0.0
TELANGANA,abetment suicide,2028,0.0
TELANGANA,data theft,2024,0.07685411721467972
TELANGANA,data theft,2025,2.334014654159546
TELANGANA,data theft,2026,4.099521160125732
TELANGANA,data theft,2027,4.132771015167236
TELANGANA,data theft,2028,0.35162636637687683
TELANGANA,emotional motive,2024,164.88345336914062
TELANGANA,emotional motive,2025,164.88345336914062
TELANGANA,emotional motive,2026,179.7022247314453
TELANGANA,emotional motive,2027,190.9429931640625
TELANGANA,emotional motive,2028,209.37281799316406
TELANGANA,extortion,2024,120.46452331542969
TELANGANA,extortion,2025,105.8852310180664
TELANGANA,extortion,2026,104.29759979248047
TELANGANA,extortion,2027,97.39993286132812
TELANGANA,extortion,2028,97.69966125488281
TELANGANA,fraud,2024,12707.6826171875
TELANGANA,fraud,2025,8437.0439453125
TELANGANA,fraud,2026,8437.0439453125
TELANGANA,fraud,2027,11145.1611328125
TELANGANA,fraud,2028,11451.63671875
TELANGANA,hate crime,2024,0.3618370294570923
TELANGANA,hate crime,2025,4.389357089996338
TELANGANA,hate crime,2026,8.158774375915527
TELANGANA,hate crime,2027,8.360873222351074
TELANGANA,hate crime,2028,8.192617416381836
TELANGANA,illegal trade,2024,0.6662229895591736
TELANGANA,illegal trade,2025,5.00224494934082
TELANGANA,illegal trade,2026,10.225200653076172
TELANGANA,illegal trade,2027,11.348820686340332
TELANGANA,illegal trade,2028,12.924161911010742
TELANGANA,personal revenge,2024,42.546939849853516
TELANGANA,personal revenge,2025,212.55209350585938
TELANGANA,personal revenge,2026,514.0225830078125
TELANGANA,personal revenge,2027,638.5693359375
TELANGANA,personal revenge,2028,783.840576171875
TELANGANA,piracy,2024,9.899046897888184
TELANGANA,piracy,2025,9.773835182189941
TELANGANA,piracy,2026,5.0680646896362305
TELANGANA,piracy,2027,3.1376171112060547
TELANGANA,piracy,2028,2.1249165534973145
TELANGANA,political motive,2024,35.87379455566406
TELANGANA,political motive,2025,29.793867111206055
TELANGANA,political motive,2026,25.337265014648438
TELANGANA,political motive,2027,21.856821060180664
TELANGANA,political motive,2028,18.938810348510742
TELANGANA,prank,2024,1.283515453338623
TELANGANA,prank,2025,5.317761421203613
TELANGANA,prank,2026,7.400558948516846
TELANGANA,prank,2027,9.238158226013184
TELANGANA,prank,2028,10.144915580749512
TELANGANA,sexual exploitation,2024,269.1916198730469
TELANGANA,sexual exploitation,2025,455.5991516113281
TELANGANA,sexual exploitation,2026,581.4705810546875
TELANGANA,sexual exploitation,2027,700.8450317382812
TELANGANA,sexual exploitation,2028,761.9894409179688
TELANGANA,terrorism,2024,0.7251510620117188
TELANGANA,terrorism,2025,5.6897735595703125
TELANGANA,terrorism,2026,12.120826721191406
TELANGANA,terrorism,2027,19.88824462890625
TELANGANA,terrorism,2028,21.751224517822266
TRIPURA,abetment suicide,2024,0.0
TRIPURA,abetment suicide,2025,0.0
TRIPURA,abetment suicide,2026,0.0
TRIPURA,abetment suicide,2027,0.0
TRIPURA,abetment suicide,2028,0.0
TRIPURA,data theft,2024,0.0
TRIPURA,data theft,2025,0.0
TRIPURA,data theft,2026,0.0
TRIPURA,data theft,2027,0.0
TRIPURA,data theft,2028,0.0
TRIPURA,emotional motive,2024,3.5034983158111572
TRIPURA,emotional motive,2025,8.308377265930176
TRIPURA,emotional motive,2026,9.827908515930176
TRIPURA,emotional motive,2027,7.7883148193359375
TRIPURA,emotional motive,2028,5.573934555053711
TRIPURA,extortion,2024,1.579566240310669
TRIPURA,extortion,2025,4.628222942352295
TRIPURA,extortion,2026,7.058681964874268
TRIPURA,extortion,2027,7.642890930175781
TRIPURA,extortion,2028,7.133401393890381
TRIPURA,fraud,2024,27.857887268066406
TRIPURA,fraud,2025,47.902801513671875
TRIPURA,fraud,2026,76.17901611328125
TRIPURA,fraud,2027,102.95397186279297
TRIPURA,fraud,2028,143.44386291503906
TRIPURA,hate crime,2024,0.042094551026821136
TRIPURA,hate crime,2025,3.498713970184326
TRIPURA,hate crime,2026,6.471663951873779
TRIPURA,hate crime,2027,6.933013916015625
TRIPURA,hate crime,2028,6.105113983154297
TRIPURA,illegal trade,2024,0.3464806079864502
TRIPURA,illegal trade,2025,3.9646859169006348
TRIPURA,illegal trade,2026,6.910374164581299
TRIPURA,illegal trade,2027,7.371723651885986
TRIPURA,illegal trade,2028,7.730222225189209
TRIPURA,personal revenge,2024,0.0
TRIPURA,personal revenge,2025,0.0
TRIPURA,personal revenge,2026,0.9637733697891235
TRIPURA,personal revenge,2027,4.890481948852539
TRIPURA,personal revenge,2028,6.671502590179443
TRIPURA,piracy,2024,0.9637733697891235
TRIPURA,piracy,2025,4.890481948852539
TRIPURA,piracy,2026,6.671502590179443
TRIPURA,piracy,2027,7.322704315185547
TRIPURA,piracy,2028,8.347513198852539
TRIPURA,political motive,2024,4.581979751586914
TRIPURA,political motive,2025,6.671502590179443
TRIPURA,political motive,2026,7.631206512451172
TRIPURA,political motive,2027,8.351541519165039
TRIPURA,political motive,2028,9.007156372070312
TRIPURA,prank,2024,0.9637733697891235
TRIPURA,prank,2025,4.890481948852539
TRIPURA,prank,2026,6.671502590179443
TRIPURA,prank,2027,7.322704315185547
TRIPURA,prank,2028,8.347513198852539
TRIPURA,sexual exploitation,2024,13.420541763305664
TRIPURA,sexual exploitation,2025,16.052234649658203
TRIPURA,sexual exploitation,2026,16.052234649658203
TRIPURA,sexual exploitation,2027,11.413054466247559
TRIPURA,sexual exploitation,2028,5.912044048309326
TRIPURA,terrorism,2024,1.0340087413787842
TRIPURA,terrorism,2025,4.96071720123291
TRIPURA,terrorism,2026,6.7417378425598145
TRIPURA,terrorism,2027,7.392939567565918
TRIPURA,terrorism,2028,8.417749404907227
UTTAR PRADESH,abetment suicide,2024,0.09618230164051056
UTTAR PRADESH,abetment suicide,2025,2.3533432483673096
UTTAR PRADESH,abetment suicide,2026,5.6183929443359375
UTTAR PRADESH,abetment suicide,2027,4.8358025550842285
UTTAR PRADESH,abetment suicide,2028,1.3236573934555054
UTTAR PRADESH,data theft,2024,0.0
UTTAR PRADESH,data theft,2025,0.09618230164051056
UTTAR PRADESH,data theft,2026,2.3533432483673096
UTTAR PRADESH,data theft,2027,5.6183929443359375
UTTAR PRADESH,data theft,2028,4.8358025550842285
UTTAR PRADESH,emotional motive,2024,214.1077423095703
UTTAR PRADESH,emotional motive,2025,212.3157501220703
UTTAR PRADESH,emotional motive,2026,179.74163818359375
UTTAR PRADESH,emotional motive,2027,166.0690460205078
UTTAR PRADESH,emotional motive,2028,162.71493530273438
UTTAR PRADESH,extortion,2024,1023.9293212890625
UTTAR PRADESH,extortion,2025,1147.9853515625
UTTAR PRADESH,extortion,2026,1198.0997314453125
UTTAR PRADESH,extortion,2027,1210.6544189453125
UTTAR PRADESH,extortion,2028,1170.7861328125
UTTAR PRADESH,fraud,2024,3813.2763671875
UTTAR PRADESH,fraud,2025,2927.036865234375
UTTAR PRADESH,fraud,2026,3496.176025390625
UTTAR PRADESH,fraud,2027,4176.6376953125
UTTAR PRADESH,fraud,2028,5491.79833984375
UTTAR PRADESH,hate crime,2024,14.935017585754395
UTTAR PRADESH,hate crime,2025,14.935017585754395
UTTAR PRADESH,hate crime,2026,9.141175270080566
UTTAR PRADESH,hate crime,2027,3.113422393798828
UTTAR PRADESH,hate crime,2028,0.0
UTTAR PRADESH,illegal trade,2024,5.986826419830322
UTTAR PRADESH,illegal trade,2025,7.219655513763428
UTTAR PRADESH,illegal trade,2026,8.755476951599121
UTTAR PRADESH,illegal trade,2027,9.415122032165527
UTTAR PRADESH,illegal trade,2028,9.291153907775879
UTTAR PRADESH,personal revenge,2024,97.53929138183594
UTTAR PRADESH,personal revenge,2025,105.01382446289062
UTTAR PRADESH,personal revenge,2026,105.28258514404297
UTTAR PRADESH,personal revenge,2027,99.35587310791016
UTTAR PRADESH,personal revenge,2028,99.35587310791016
UTTAR PRADESH,piracy,2024,0.0
UTTAR PRADESH,piracy,2025,0.7895286679267883
UTTAR PRADESH,piracy,2026,5.754151821136475
UTTAR PRADESH,piracy,2027,13.684748649597168
UTTAR PRADESH,piracy,2028,26.302400588989258
UTTAR PRADESH,political motive,2024,58.99891662597656
UTTAR PRADESH,political motive,2025,53.21947479248047
UTTAR PRADESH,political motive,2026,47.51601791381836
UTTAR PRADESH,political motive,2027,44.46255874633789
UTTAR PRADESH,political motive,2028,37.45101547241211
UTTAR PRADESH,prank,2024,101.60374450683594
UTTAR PRADESH,prank,2025,101.87250518798828
UTTAR PRADESH,prank,2026,101.87250518798828
UTTAR PRADESH,prank,2027,101.87250518798828
UTTAR PRADESH,prank,2028,101.87250518798828
UTTAR PRADESH,sexual exploitation,2024,516.4432373046875
UTTAR PRADESH,sexual exploitation,2025,516.4432373046875
UTTAR PRADESH,sexual exploitation,2026,516.4432373046875
UTTAR PRADESH,sexual exploitation,2027,516.4432373046875
UTTAR PRADESH,sexual exploitation,2028,516.4432373046875
UTTAR PRADESH,terrorism,2024,1.4883642196655273
UTTAR PRADESH,terrorism,2025,5.522610187530518
UTTAR PRADESH,terrorism,2026,7.60540771484375
UTTAR PRADESH,terrorism,2027,9.443007469177246
UTTAR PRADESH,terrorism,2028,10.349764823913574
UTTARAKHAND,abetment suicide,2024,0.0
UTTARAKHAND,abetment suicide,2025,0.0
UTTARAKHAND,abetment suicide,2026,0.0
UTTARAKHAND,abetment suicide,2027,0.0
UTTARAKHAND,abetment suicide,2028,0.0
UTTARAKHAND,data theft,2024,0.0
UTTARAKHAND,data theft,2025,0.0
UTTARAKHAND,data theft,2026,0.0
UTTARAKHAND,data theft,2027,0.0
UTTARAKHAND,data theft,2028,0.0
UTTARAKHAND,emotional motive,2024,10.805132865905762
UTTARAKHAND,emotional motive,2025,8.680378913879395
UTTARAKHAND,emotional motive,2026,7.71403694152832
UTTARAKHAND,emotional motive,2027,5.871427059173584
UTTARAKHAND,emotional motive,2028,5.737617015838623
UTTARAKHAND,extortion,2024,64.2849349975586
UTTARAKHAND,extortion,2025,55.98069763183594
UTTARAKHAND,extortion,2026,45.38325881958008
UTTARAKHAND,extortion,2027,37.3026008605957
UTTARAKHAND,extortion,2028,30.755474090576172
UTTARAKHAND,fraud,2024,163.83566284179688
UTTARAKHAND,fraud,2025,163.13331604003906
UTTARAKHAND,fraud,2026,166.07066345214844
UTTARAKHAND,fraud,2027,180.88943481445312
UTTARAKHAND,fraud,2028,192.1302032470703
UTTARAKHAND,hate crime,2024,0.03768792003393173
UTTARAKHAND,hate crime,2025,3.9036202430725098
UTTARAKHAND,hate crime,2026,11.375110626220703
UTTARAKHAND,hate crime,2027,20.727521896362305
UTTARAKHAND,hate crime,2028,20.853771209716797
UTTARAKHAND,illegal trade,2024,0.34207385778427124
UTTARAKHAND,illegal trade,2025,4.369593620300293
UTTARAKHAND,illegal trade,2026,8.273335456848145
UTTARAKHAND,illegal trade,2027,8.963027954101562
UTTARAKHAND,illegal trade,2028,8.794771194458008
UTTARAKHAND,personal revenge,2024,0.0
UTTARAKHAND,personal revenge,2025,0.9593668580055237
UTTARAKHAND,personal revenge,2026,5.295389175415039
UTTARAKHAND,personal revenge,2027,9.733054161071777
UTTARAKHAND,personal revenge,2028,10.277585983276367
UTTARAKHAND,piracy,2024,0.0
UTTARAKHAND,piracy,2025,0.9593668580055237
UTTARAKHAND,piracy,2026,5.295389175415039
UTTARAKHAND,piracy,2027,9.733054161071777
UTTARAKHAND,piracy,2028,10.277585983276367
UTTARAKHAND,political motive,2024,4.986886978149414
UTTARAKHAND,political motive,2025,7.076409816741943
UTTARAKHAND,political motive,2026,8.914009094238281
UTTARAKHAND,political motive,2027,9.573652267456055
UTTARAKHAND,political motive,2028,9.659177780151367
UTTARAKHAND,prank,2024,18.263782501220703
UTTARAKHAND,prank,2025,17.240257263183594
UTTARAKHAND,prank,2026,11.450440406799316
UTTARAKHAND,prank,2027,4.938680171966553
UTTARAKHAND,prank,2028,0.7434946298599243
UTTARAKHAND,sexual exploitation,2024,114.82479095458984
UTTARAKHAND,sexual exploitation,2025,121.01741027832031
UTTARAKHAND,sexual exploitation,2026,115.35901641845703
UTTARAKHAND,sexual exploitation,2027,110.93357849121094
UTTARAKHAND,sexual exploitation,2028,105.96112060546875
UTTARAKHAND,terrorism,2024,1.029602289199829
UTTARAKHAND,terrorism,2025,5.36562442779541
UTTARAKHAND,terrorism,2026,9.803290367126465
UTTARAKHAND,terrorism,2027,10.557313919067383
UTTARAKHAND,terrorism,2028,11.136835098266602
WEST BENGAL,abetment suicide,2024,0.0
WEST BENGAL,abetment suicide,2025,0.0
WEST BENGAL,abetment suicide,2026,0.0
WEST BENGAL,abetment suicide,2027,0.0
WEST BENGAL,abetment suicide,2028,0.0
WEST BENGAL,data theft,2024,0.0
WEST BENGAL,data theft,2025,0.0
WEST BENGAL,data theft,2026,0.0
WEST BENGAL,data theft,2027,0.0
WEST BENGAL,data theft,2028,0.0
WEST BENGAL,emotional motive,2024,5.098875045776367
WEST BENGAL,emotional motive,2025,8.308294296264648
WEST BENGAL,emotional motive,2026,10.81721019744873
WEST BENGAL,emotional motive,2027,12.32128620147705
WEST BENGAL,emotional motive,2028,16.656129837036133
WEST BENGAL,extortion,2024,6.081944465637207
WEST BENGAL,extortion,2025,5.824240207672119
WEST BENGAL,extortion,2026,5.892829418182373
WEST BENGAL,extortion,2027,5.892829418182373
WEST BENGAL,extortion,2028,5.892829418182373
WEST BENGAL,fraud,2024,9.827646255493164
WEST BENGAL,fraud,2025,18.553089141845703
WEST BENGAL,fraud,2026,31.087121963500977
WEST BENGAL,fraud,2027,53.333770751953125
WEST BENGAL,fraud,2028,80.1783218383789
WEST BENGAL,hate crime,2024,0.03768792003393173
WEST BENGAL,hate crime,2025,3.9036202430725098
WEST BENGAL,hate crime,2026,11.375110626220703
WEST BENGAL,hate crime,2027,20.727521896362305
WEST BENGAL,hate crime,2028,20.853771209716797
WEST BENGAL,illegal trade,2024,0.34207385778427124
WEST BENGAL,illegal trade,2025,4.369593620300293
WEST BENGAL,illegal trade,2026,8.273335456848145
WEST BENGAL,illegal trade,2027,8.963027954101562
WEST BENGAL,illegal trade,2028,8.794771194458008
WEST BENGAL,personal revenge,2024,16.17741584777832
WEST BENGAL,personal revenge,2025,16.944143295288086
WEST BENGAL,personal revenge,2026,17.030765533447266
WEST BENGAL,personal revenge,2027,11.240948677062988
WEST BENGAL,personal revenge,2028,4.938680171966553
WEST BENGAL,piracy,2024,0.9593668580055237
WEST BENGAL,piracy,2025,5.295389175415039
WEST BENGAL,piracy,2026,9.733054161071777
WEST BENGAL,piracy,2027,10.277585983276367
WEST BENGAL,piracy,2028,10.857107162475586
WEST BENGAL,political motive,2024,0.0
WEST BENGAL,political motive,2025,0.9593668580055237
WEST BENGAL,political motive,2026,5.295389175415039
WEST BENGAL,political motive,2027,9.733054161071777
WEST BENGAL,political motive,2028,10.487077713012695
WEST BENGAL,prank,2024,0.0
WEST BENGAL,prank,2025,0.0
WEST BENGAL,prank,2026,0.9593668580055237
WEST BENGAL,prank,2027,5.295389175415039
WEST BENGAL,prank,2028,9.733054161071777
WEST BENGAL,sexual exploitation,2024,5.181320667266846
WEST BENGAL,sexual exploitation,2025,0.6441634297370911
WEST BENGAL,sexual exploitation,2026,0.0
WEST BENGAL,sexual exploitation,2027,0.7271429896354675
WEST BENGAL,sexual exploitation,2028,5.36562442779541
WEST BENGAL,terrorism,2024,1.029602289199829
WEST BENGAL,terrorism,2025,5.36562442779541
WEST BENGAL,terrorism,2026,9.803290367126465
WEST BENGAL,terrorism,2027,10.557313919067383
WEST BENGAL,terrorism,2028,11.136835098266602
